"AT2G14270","Cytochrome C oxidase polypeptide VIB family protein [Source:EMBL;Acc:AEC06295.1]"
"AT1G10300","Nucleolar GTP-binding protein [Source:EMBL;Acc:AEE28563.1]"
"AT2G14400","transposable element gene.[Source:TAIR;Acc:AT2G14400]"
"AT2G15340","glycine-rich protein [Source:EMBL;Acc:AEC06390.1]"
"AT1G11990","O-fucosyltransferase family protein [Source:EMBL;Acc:AEE28824.1]"
"AT2G13960","myb family transcription factor [Source:EMBL;Acc:AEC06269.1]"
"AT2G14260","proline iminopeptidase [Source:EMBL;Acc:AEC06294.1]"
"AT2G14140","transposable element gene.[Source:TAIR;Acc:AT2G14140]"
"AT2G13540","nuclear cap-binding protein subunit 1 [Source:EMBL;Acc:AEC06238.1]"
"AT2G12900","Basic-leucine zipper (bZIP) transcription factor family protein [Source:EMBL;Acc:AEC06209.1]"
"AT2G19050","GDSL esterase/lipase [Source:EMBL;Acc:AEC06843.1]"
"AT2G17890","calcium-dependent protein kinase 16 [Source:EMBL;Acc:AEC06699.1]"
"AT1G08680","putative ADP-ribosylation factor GTPase-activating protein AGD14 [Source:EMBL;Acc:AEE28333.1]"
"AT2G18900","transducin/WD-40 repeat-containing protein [Source:EMBL;Acc:AEC06823.1]"
"AT2G19400","cAMP-dependent, cGMP-dependent and protein kinase C-like protein [Source:EMBL;Acc:AEC06877.1]"
"AT2G18750","Calmodulin-binding protein [Source:EMBL;Acc:AEC06804.1]"
"AT2G19390","uncharacterized protein [Source:EMBL;Acc:AEC06876.1]"
"AT1G08980","amidase 1 [Source:EMBL;Acc:AEE28378.1]"
"AT2G20330","WD40 domain-containing protein [Source:EMBL;Acc:AEC06994.1]"
"AT2G19000","uncharacterized protein [Source:EMBL;Acc:AEC06837.1]"
"AT2G16730","beta-galactosidase 13 [Source:EMBL;Acc:AEC06532.1]"
"AT2G17660","RPM1-interacting protein 4-like protein [Source:EMBL;Acc:AEC06662.1]"
"AT2G17880","DNAJ heat shock N-terminal domain-containing protein [Source:EMBL;Acc:AEC06698.1]"
"AT2G18510","splicing factor 3B subunit 4 [Source:EMBL;Acc:AEC06776.1]"
"AT2G18180","sec.4-like phosphatidylinositol transfer-like protein [Source:EMBL;Acc:AEC06735.1]"
"AT2G19010","GDSL esterase/lipase [Source:EMBL;Acc:AEC06838.1]"
"AT2G16950","transportin 1 [Source:EMBL;Acc:AEC06562.1]"
"AT2G16620","putative protein kinase [Source:EMBL;Acc:AEC06519.1]"
"AT1G10290","dynamin-2A [Source:EMBL;Acc:AEE28562.1]"
"AT2G20340","Tyrosine decarboxylase 1 [Source:EMBL;Acc:AEC06995.1]"
"AT1G09910","rhamnogalacturonate lyase-like protein [Source:EMBL;Acc:AEE28513.1]"
"AT2G18090","PHD finger, SWIB/MDM2 and GYF domain-containing protein [Source:EMBL;Acc:AEC06725.1]"
"AT2G20050","protein phosphatase 2C and cyclic nucleotide-binding/kinase domain-containing protein [Source:EMBL;Acc:AEC06958.1]"
"AT2G19800","inositol oxygenase [Source:EMBL;Acc:AEC06927.1]"
"AT2G20370","xyloglucan galactosyltransferase KATAMARI1 [Source:EMBL;Acc:AEC06999.1]"
"AT2G17840","senescence/dehydration related protein [Source:EMBL;Acc:AEC06693.1]"
"AT2G19120","tRNA-splicing endonuclease positive effector-related protein [Source:EMBL;Acc:AEC06849.1]"
"AT2G20810","alpha-1,4-galacturonosyltransferase [Source:EMBL;Acc:AEC07076.1]"
"AT2G22960","putative serine carboxypeptidase-like 52 [Source:EMBL;Acc:AEC07381.1]"
"AT2G23740","zinc binding motif and SET domain-containing protein [Source:EMBL;Acc:AEC07483.1]"
"AT2G22850","basic leucine-zipper 6 [Source:EMBL;Acc:AEC07365.1]"
"AT1G09810","evolutionarily conserved C-terminal region 11 protein [Source:EMBL;Acc:AEE28496.1]"
"AT2G22340","uncharacterized protein [Source:EMBL;Acc:AEC07295.1]"
"AT2G22400","S-adenosylmethionine-dependent methyltransferase domain-containing protein [Source:EMBL;Acc:AEC07299.1]"
"AT2G21480","Malectin/receptor-like protein kinase [Source:EMBL;Acc:AEC07184.1]"
"AT2G21300","ATP binding microtubule motor family protein [Source:EMBL;Acc:AEC07158.1]"
"AT2G22125","cellulose synthase-interactive protein 1 [Source:EMBL;Acc:AEC07269.1]"
"AT2G20670","uncharacterized protein [Source:EMBL;Acc:AEC07055.1]"
"AT2G23900","Pectin lyase-like protein [Source:EMBL;Acc:AEC07500.1]"
"AT2G21390","coatomer subunit alpha-2 [Source:EMBL;Acc:AEC07173.1]"
"AT2G23330","transposable element gene.[Source:TAIR;Acc:AT2G23330]"
"AT2G21655","uncharacterized protein [Source:EMBL;Acc:AEC07208.1]"
"AT2G23340","ethylene-responsive transcription factor ERF008 [Source:EMBL;Acc:AEC07444.1]"
"AT2G21860","violaxanthin de-epoxidase-related protein [Source:EMBL;Acc:AEC07230.1]"
"AT2G23120","Late embryogenesis abundant protein, group 6 [Source:EMBL;Acc:AEC07414.1]"
"AT2G24830","zinc finger CCCH domain-containing protein 22 [Source:EMBL;Acc:AEC07633.1]"
"AT2G24470","uncharacterized protein [Source:EMBL;Acc:AEC07581.1]"
"AT2G27180","uncharacterized protein [Source:EMBL;Acc:AEC07950.1]"
"AT2G27450","N-carbamoylputrescine amidase [Source:EMBL;Acc:AEC07998.1]"
"AT2G24570","putative WRKY transcription factor 17 [Source:EMBL;Acc:AEC07593.1]"
"AT2G26140","cell division protease ftsH-4 [Source:EMBL;Acc:AEC07799.1]"
"AT2G25510","uncharacterized protein [Source:EMBL;Acc:AEC07710.1]"
"AT1G10270","glutamine-rich protein 23 [Source:EMBL;Acc:AEE28560.1]"
"AT2G25490","EIN3-binding F-box protein 1 [Source:EMBL;Acc:AEC07708.1]"
"AT1G10910","pentatricopeptide repeat-containing protein [Source:EMBL;Acc:AEE28662.1]"
"AT2G25800","uncharacterized protein [Source:EMBL;Acc:AEC07754.1]"
"AT2G25600","Shaker pollen inward K+ channel protein [Source:EMBL;Acc:AEC07722.1]"
"AT2G26450","plant invertase/pectin methylesterase inhibitor domain-containing protein [Source:EMBL;Acc:AEC07840.1]"
"AT1G10490","uncharacterized protein [Source:EMBL;Acc:AEE28585.1]"
"AT2G24920","transposable element gene.[Source:TAIR;Acc:AT2G24920]"
"AT2G27540","uncharacterized protein [Source:EMBL;Acc:AEC08013.1]"
"AT2G26490","WD40 domain-containing protein [Source:EMBL;Acc:AEC07844.1]"
"AT2G24640","ubiquitin carboxyl-terminal hydrolase 19 [Source:EMBL;Acc:AEC07608.1]"
"AT2G26410","protein IQ-domain 4 [Source:EMBL;Acc:AEC07834.1]"
"AT2G29510","uncharacterized protein [Source:EMBL;Acc:AEC08262.1]"
"AT2G31500","calcium-dependent protein kinase 24 [Source:EMBL;Acc:AEC08555.1]"
"AT1G10730","AP-1 complex subunit mu [Source:EMBL;Acc:AEE28635.1]"
"AT2G29040","exostosin-like protein [Source:EMBL;Acc:AEC08200.1]"
"AT2G28355","defensin-like protein 149 [Source:EMBL;Acc:AEC08111.1]"
"AT2G30520","Root phototropism protein 2 [Source:EMBL;Acc:AEC08403.1]"
"AT2G30000","PHD finger-like domain-containing protein 5A [Source:EMBL;Acc:AEC08334.1]"
"AT2G31290","ubiquitin carboxyl-terminal hydrolase-like protein [Source:EMBL;Acc:AEC08523.1]"
"AT1G10480","zinc finger protein 5 [Source:EMBL;Acc:AEE28584.1]"
"AT2G29410","metal tolerance protein B [Source:EMBL;Acc:AEC08251.1]"
"AT2G30120","uncharacterized protein [Source:EMBL;Acc:AEC08347.1]"
"AT2G27900","uncharacterized protein [Source:EMBL;Acc:AEC08057.1]"
"AT2G29140","pumilio 3 [Source:EMBL;Acc:AEC08216.1]"
"AT2G30110","ubiquitin-activating enzyme E1 1 [Source:EMBL;Acc:AEC08346.1]"
"AT2G30790","photosystem II oxygen-evolving complex 23kDa protein [Source:EMBL;Acc:AEC08441.1]"
"AT2G29440","glutathione S-transferase [Source:EMBL;Acc:AEC08254.1]"
"AT2G34130","transposable element gene.[Source:TAIR;Acc:AT2G34130]"
"AT2G33220","NADH dehydrogenase [Source:EMBL;Acc:AEC08801.1]"
"AT2G33100","cellulose synthase-like protein D1 [Source:EMBL;Acc:AEC08785.1]"
"AT2G33460","ROP-interactive CRIB motif-containing protein 1 [Source:EMBL;Acc:AEC08837.1]"
"AT2G33610","SWI/SNF complex subunit SWI3B [Source:EMBL;Acc:AEC08859.1]"
"AT2G33270","thioredoxin-like 1-3 [Source:EMBL;Acc:AEC08808.1]"
"AT2G34350","nodulin-like and major facilitator domain-containing protein [Source:EMBL;Acc:AEC08961.1]"
"AT2G31660","Importin 7-like protein URM9 [Source:EMBL;Acc:AEC08570.1]"
"AT2G33420","uncharacterized protein [Source:EMBL;Acc:AEC08832.1]"
"AT2G33440","RNA recognition motif-containing protein [Source:EMBL;Acc:AEC08835.1]"
"AT2G33670","MLO-like protein 5 [Source:EMBL;Acc:AEC08867.1]"
"AT2G34840","coatomer subunit epsilon-2 [Source:EMBL;Acc:AEC09029.1]"
"AT2G35210","ADP-ribosylation factor GTPase-activating protein AGD10 [Source:EMBL;Acc:AEC09080.1]"
"AT2G31940","uncharacterized protein [Source:EMBL;Acc:AEC08605.1]"
"AT2G34410","O-acetyltransferase-like protein [Source:EMBL;Acc:AEC08971.1]"
"AT2G32460","myb domain protein 101 [Source:EMBL;Acc:AEC08689.1]"
"AT2G31970","DNA repair protein RAD50 [Source:EMBL;Acc:AEC08614.1]"
"AT2G36720","acyl-CoA N-acyltransferase with RING/FYVE/PHD-type zinc finger domain-containing protein [Source:EMBL;Acc:AEC09290.1]"
"AT1G10930","ATP-dependent DNA helicase Q-like 4A [Source:EMBL;Acc:AEE28665.1]"
"AT1G11130","protein STRUBBELIG [Source:EMBL;Acc:AEE28690.1]"
"AT2G35820","ureidoglycolate hydrolase [Source:EMBL;Acc:AEC09165.1]"
"AT2G37900","putative peptide/nitrate transporter [Source:EMBL;Acc:AEC09463.1]"
"AT2G38970","C3HC4-type RING finger-containing protein [Source:EMBL;Acc:AEC09620.1]"
"AT2G37690","phosphoribosylaminoimidazole carboxylase [Source:EMBL;Acc:AEC09435.1]"
"AT2G38840","guanylate-binding-like protein [Source:EMBL;Acc:AEC09593.1]"
"AT2G38440","protein SCAR2 [Source:EMBL;Acc:AEC09537.1]"
"AT2G38240","2-oxoglutarate (2OG) and Fe(II)-dependent oxygenase-like protein [Source:EMBL;Acc:AEC09512.1]"
"AT2G35460","late embryogenesis abundant hydroxyproline-rich glycoprotein [Source:EMBL;Acc:AEC09110.1]"
"AT2G37870","protease inhibitor/seed storage/lipid transfer protein (LTP) family protein [Source:EMBL;Acc:AEC09460.1]"
"AT2G38770","intron-binding protein aquarius [Source:EMBL;Acc:AEC09582.1]"
"AT2G38280","AMP deaminase [Source:EMBL;Acc:AEC09517.1]"
"AT2G41970","putative protein kinase [Source:EMBL;Acc:AEC10057.1]"
"AT2G42380","basic helix-loop-helix domain-containing protein [Source:EMBL;Acc:AEC10114.1]"
"AT1G13970","uncharacterized protein [Source:EMBL;Acc:AEE29091.1]"
"AT2G39190","aarF domain-containing kinase [Source:EMBL;Acc:AEC09643.1]"
"AT2G40730","SCY1-like protein [Source:EMBL;Acc:AEC09869.1]"
"AT2G40130","heat shock-related protein [Source:EMBL;Acc:AEC09785.1]"
"AT2G41830","uncharacterized protein [Source:EMBL;Acc:AEC10037.1]"
"AT2G41660","uncharacterized protein [Source:EMBL;Acc:AEC10013.1]"
"AT2G40680",""
"AT1G14260","RING/FYVE/PHD zinc finger-containing protein [Source:EMBL;Acc:AEE29133.1]"
"AT2G39030","acyl-CoA N-acyltransferases-like protein [Source:EMBL;Acc:AEC09628.1]"
"AT2G40650","pre-mRNA-splicing factor 38A [Source:EMBL;Acc:AEC09860.1]"
"AT2G40980","protein kinase family protein [Source:EMBL;Acc:AEC09909.1]"
"AT2G41460","apurinic endonuclease-redox protein [Source:EMBL;Acc:AEC09985.1]"
"AT2G40930","ubiquitin carboxyl-terminal hydrolase 5 [Source:EMBL;Acc:AEC09900.1]"
"AT2G41740","villin 2 [Source:EMBL;Acc:AEC10027.1]"
"AT2G41620","Nup93/Nic96 nucleoporin interacting component-containing protein [Source:EMBL;Acc:AEC10008.1]"
"AT2G46210","Fatty acid/sphingolipid desaturase [Source:EMBL;Acc:AEC10657.1]"
"AT2G43290","calmodulin-like protein 5 [Source:EMBL;Acc:AEC10248.1]"
"AT2G45540","beige-related and WD-40 repeat-containing protein [Source:EMBL;Acc:AEC10568.1]"
"AT2G43690","concanavalin A-like lectin protein kinase-like protein [Source:EMBL;Acc:AEC10308.1]"
"AT2G45700","sterile alpha motif (SAM) domain-containing protein [Source:EMBL;Acc:AEC10589.1]"
"AT2G43650","Sas10/U3 ribonucleoprotein-like protein [Source:EMBL;Acc:AEC10301.1]"
"AT2G43100","isopropylmalate isomerase 2 [Source:EMBL;Acc:AEC10209.1]"
"AT2G43160","clathrin interactor EPSIN 2 [Source:EMBL;Acc:AEC10219.1]"
"AT2G45680","transcription factor TCP9 [Source:EMBL;Acc:AEC10586.1]"
"AT2G46300","late embryogenesis abundant hydroxyproline-rich glycoprotein [Source:EMBL;Acc:AEC10673.1]"
"AT2G42710","ribosomal protein .1/L10 family protein [Source:EMBL;Acc:AEC10159.1]"
"AT2G46520","exportin-2 [Source:EMBL;Acc:AEC10713.1]"
"AT3G02690","nodulin MtN21 /EamA-like transporter protein [Source:EMBL;Acc:AEE73848.1]"
"AT2G46650","cytochrome B5 isoform C [Source:EMBL;Acc:AEC10735.1]"
"AT2G48150","glutathione peroxidase [Source:EMBL;Acc:AEC10946.1]"
"AT2G47340","plant invertase/pectin methylesterase inhibitor domain-containing protein [Source:EMBL;Acc:AEC10829.1]"
"AT3G01620","beta-1,4-mannosyl-glycoprotein [Source:EMBL;Acc:AEE73696.1]"
"AT3G02900","uncharacterized protein [Source:EMBL;Acc:AEE73876.1]"
"AT2G47250","putative pre-mRNA-splicing factor ATP-dependent RNA helicase [Source:EMBL;Acc:AEC10820.1]"
"AT2G47160","boron transporter 1 [Source:EMBL;Acc:AEC10809.1]"
"AT3G02810","protein kinase domain-containing protein [Source:EMBL;Acc:AEE73862.1]"
"AT2G47070","squamosa promoter-binding-like protein 1 [Source:EMBL;Acc:AEC10798.1]"
"AT3G01800","ribosome recycling factor [Source:EMBL;Acc:AEE73716.1]"
"AT1G03090","methylcrotonoyl-CoA carboxylase subunit alpha [Source:EMBL;Acc:AEE27528.1]"
"AT3G02260","E3 ubiquitin-protein ligase UBR4 [Source:EMBL;Acc:AEE73785.1]"
"AT3G01420","alpha-dioxygenase [Source:EMBL;Acc:AEE73664.1]"
"AT2G48160","Tudor/PWWP/MBT domain-containing protein [Source:EMBL;Acc:AEC10947.1]"
"AT3G02060","putative DEAD/DEAH box helicase [Source:EMBL;Acc:AEE73755.1]"
"AT3G01320","paired amphipathic helix protein Sin3-like 1 [Source:EMBL;Acc:AEE73640.1]"
"AT3G03150","uncharacterized protein [Source:EMBL;Acc:AEE73907.1]"
"AT3G05050","protein kinase domain-containing protein [Source:EMBL;Acc:AEE74180.1]"
"AT1G12580","phosphoenolpyruvate carboxylase-related kinase 1 [Source:EMBL;Acc:AEE28899.1]"
"AT3G05040","protein HASTY [Source:EMBL;Acc:AEE74179.1]"
"AT3G05820","invertase H [Source:EMBL;Acc:AEE74300.1]"
"AT3G05960","sugar transport protein 6 [Source:EMBL;Acc:AEE74323.1]"
"AT3G04820","pseudouridine synthase [Source:EMBL;Acc:AEE74140.1]"
"AT3G06490","myb domain protein 108 [Source:EMBL;Acc:AEE74402.1]"
"AT3G03950","uncharacterized protein [Source:EMBL;Acc:AEE74015.1]"
"AT3G03380","protease Do-like 7 [Source:EMBL;Acc:AEE73938.1]"
"AT3G05930","germin-like protein subfamily 2 member 3 [Source:EMBL;Acc:AEE74317.1]"
"AT3G03810","O-fucosyltransferase-like protein [Source:EMBL;Acc:AEE73996.1]"
"AT3G06210","armadillo/beta-catenin-like repeat-containing protein [Source:EMBL;Acc:AEE74361.1]"
"AT3G05150","sugar transporter ERD6-like 8 [Source:EMBL;Acc:AEE74191.1]"
"AT3G03050","cellulose synthase-like protein D3 [Source:EMBL;Acc:AEE73896.1]"
"AT3G06080","uncharacterized protein [Source:EMBL;Acc:AEE74340.1]"
"AT3G05680","embryo defective 2016 protein [Source:EMBL;Acc:AEE74277.1]"
"AT3G04690","receptor-like protein kinase ANXUR1 [Source:EMBL;Acc:AEE74120.1]"
"AT3G06530","U3 small nucleolar RNA-associated protein 10 and NUC211 domain-containing protein [Source:EMBL;Acc:AEE74407.1]"
"AT3G04580","protein EIN4 [Source:EMBL;Acc:AEE74100.1]"
"AT3G03800","syntaxin 1B/2/3 [Source:EMBL;Acc:AEE73995.1]"
"AT3G04310","uncharacterized protein [Source:EMBL;Acc:AEE74065.1]"
"AT1G15510","pentatricopeptide repeat-containing protein [Source:EMBL;Acc:AEE29331.1]"
"AT3G04360","Calcium-dependent lipid-binding (CaLB domain) family protein [Source:EMBL;Acc:AEE74070.1]"
"AT3G03410","putative calcium-binding protein CML34 [Source:EMBL;Acc:AEE73941.1]"
"AT1G12180","uncharacterized protein [Source:EMBL;Acc:AEE28846.1]"
"AT3G10650","uncharacterized protein [Source:EMBL;Acc:AEE74939.1]"
"AT3G10460","self-incompatibility S1 family protein [Source:EMBL;Acc:AEE74910.1]"
"AT3G10530","transducin/WD40 domain-containing protein [Source:EMBL;Acc:AEE74922.1]"
"AT1G14650","splicing factor 3A subunit 1 [Source:EMBL;Acc:AEE29197.1]"
"AT3G06720","Importin subunit alpha-1 [Source:EMBL;Acc:AEE74448.1]"
"AT3G07660","uncharacterized protein [Source:EMBL;Acc:AEE74584.1]"
"AT3G10020","uncharacterized protein [Source:EMBL;Acc:AEE74849.1]"
"AT3G10380","exocyst complex component 4 [Source:EMBL;Acc:AEE74898.1]"
"AT3G08960","armadillo/beta-catenin-like repeat-containing protein [Source:EMBL;Acc:AEE74702.1]"
"AT3G09530","exocyst complex component 7 [Source:EMBL;Acc:AEE74777.1]"
"AT3G06830","pectinesterase 23 [Source:EMBL;Acc:AEE74464.1]"
"AT3G08980","mitochondrial inner membrane protease subunit 2 [Source:EMBL;Acc:AEE74704.1]"
"AT3G07920","Translation initiation factor IF2/IF5 [Source:EMBL;Acc:AEE74619.1]"
"AT3G08850","regulatory associated protein of mTOR [Source:EMBL;Acc:AEE74687.1]"
"AT3G07760","Sterile alpha motif (SAM) domain-containing protein [Source:EMBL;Acc:AEE74601.1]"
"AT3G07210","uncharacterized protein [Source:EMBL;Acc:AEE74515.1]"
"AT3G10490","NAC domain containing protein 52 [Source:EMBL;Acc:AEE74915.1]"
"AT3G10270","DNA gyrase subunit B [Source:EMBL;Acc:AEE74882.1]"
"AT3G08670","uncharacterized protein [Source:EMBL;Acc:AEE74661.1]"
"AT3G07100","sec24-like transport protein [Source:EMBL;Acc:AEE74498.1]"
"AT3G08840","D-alanine--D-alanine ligase family protein [Source:EMBL;Acc:AEE74685.1]"
"AT3G07260","SMAD/FHA domain-containing protein [Source:EMBL;Acc:AEE74519.1]"
"AT3G13460","uncharacterized protein [Source:EMBL;Acc:AEE75360.1]"
"AT3G11964","RNA binding protein [Source:EMBL;Acc:AEE75131.1]"
"AT1G15880","Golgi SNARE 11 protein [Source:EMBL;Acc:AEE29378.1]"
"AT3G13660","disease resistance-responsive, dirigent domain-containing protein [Source:EMBL;Acc:AEE75388.1]"
"AT3G12280","Retinoblastoma-related protein 1 [Source:EMBL;Acc:AEE75179.1]"
"AT1G13220","nuclear matrix constituent protein-like protein [Source:EMBL;Acc:AEE28987.1]"
"AT3G12770","mitochondrial editing factor 22 [Source:EMBL;Acc:AEE75244.1]"
"AT3G12590","uncharacterized protein [Source:EMBL;Acc:AEE75220.1]"
"AT3G13290","varicose-related protein [Source:EMBL;Acc:AEE75329.1]"
"AT3G12160","RAB GTPase-like protein A4D [Source:EMBL;Acc:AEE75160.1]"
"AT3G13940","DNA binding / DNA-directed RNA polymerase [Source:EMBL;Acc:AEE75443.1]"
"AT1G13640","phosphatidylinositol 3-and 4-kinase-like protein [Source:EMBL;Acc:AEE29053.1]"
"AT3G11540","putative UDP-N-acetylglucosamine--peptide N-acetylglucosaminyltransferase SPINDLY [Source:EMBL;Acc:AEE75061.1]"
"AT3G11860","uncharacterized protein [Source:EMBL;Acc:AEE75110.1]"
"AT3G13630","uncharacterized protein [Source:EMBL;Acc:AEE75385.1]"
"AT3G15460","ribosomal RNA processing brix domain-containing protein [Source:EMBL;Acc:AEE75679.1]"
"AT3G16890","pentatricopeptide repeat-containing protein [Source:EMBL;Acc:AEE75880.1]"
"AT3G17590","chromatin structure-remodeling complex protein BSH [Source:EMBL;Acc:AEE75972.1]"
"AT3G17850","protein kinase family protein [Source:EMBL;Acc:AEE76015.1]"
"AT3G17980","calcium-dependent lipid-binding domain-containing protein [Source:EMBL;Acc:AEE76031.1]"
"AT3G16060","kinesin family member 2/24 [Source:EMBL;Acc:AEE75767.1]"
"AT3G17420","glyoxysomal protein kinase 1 [Source:EMBL;Acc:AEE75951.1]"
"AT3G16040","Translation machinery associated TMA7 [Source:EMBL;Acc:AEE75765.1]"
"AT3G15000","cobalt ion binding protein [Source:EMBL;Acc:AEE75601.1]"
"AT1G12160","Flavin-binding monooxygenase family protein [Source:EMBL;Acc:AEE28844.1]"
"AT3G15630","uncharacterized protein [Source:EMBL;Acc:AEE75705.1]"
"AT3G17060","putative pectinesterase 67 [Source:EMBL;Acc:AEE75899.1]"
"AT3G14940","phosphoenolpyruvate carboxylase 3 [Source:EMBL;Acc:AEE75592.1]"
"AT3G15550","uncharacterized protein [Source:EMBL;Acc:AEE75692.1]"
"AT3G14595","ribosomal protein L18ae family protein [Source:EMBL;Acc:AEE75545.1]"
"AT3G16750","uncharacterized protein [Source:EMBL;Acc:AEE75860.1]"
"AT3G20865","arabinogalactan protein 40 [Source:EMBL;Acc:AEE76433.1]"
"AT3G18810","protein kinase family protein [Source:EMBL;Acc:AEE76151.1]"
"AT3G19310","PLC-like phosphodiesterase-like protein [Source:EMBL;Acc:AEE76222.1]"
"AT3G21570","uncharacterized protein [Source:EMBL;Acc:AEE76524.1]"
"AT1G03160","FZO-like protein [Source:EMBL;Acc:AEE27538.1]"
"AT3G18220","Phosphatidic acid phosphatase (PAP2) family protein [Source:EMBL;Acc:AEE76067.1]"
"AT3G20530","protein kinase family protein [Source:EMBL;Acc:AEE76391.1]"
"AT3G20190","leucine-rich repeat protein kinase-like protein [Source:EMBL;Acc:AEE76345.1]"
"AT3G19020","Pollen-specific leucine-rich repeat extensin-like protein 1 [Source:EMBL;Acc:AEE76184.1]"
"AT3G20220","SAUR-like auxin-responsive protein [Source:EMBL;Acc:AEE76349.1]"
"AT3G20630","ubiquitin carboxyl-terminal hydrolase 14 [Source:EMBL;Acc:AEE76405.1]"
"AT3G19515","uncharacterized protein [Source:EMBL;Acc:AEE76251.1]"
"AT3G22190","protein IQ-domain 5 [Source:EMBL;Acc:AEE76600.1]"
"AT1G14420","putative pectate lyase 3 [Source:EMBL;Acc:AEE29161.1]"
"AT3G24870","Helicase/SANT-associated, DNA binding protein [Source:EMBL;Acc:AEE76955.1]"
"AT3G24320","MUTL protein-like protein 1 [Source:EMBL;Acc:AEE76889.1]"
"AT3G22290","Endoplasmic reticulum vesicle transporter protein [Source:EMBL;Acc:AEE76618.1]"
"AT3G24050","GATA transcription factor 1 [Source:EMBL;Acc:AEE76848.1]"
"AT3G22680","RNA-directed DNA methylation 1 protein [Source:EMBL;Acc:AEE76664.1]"
"AT1G14740","OBERON 3 protein [Source:EMBL;Acc:AEE29216.1]"
"AT3G23610","dual specificity protein phosphatase 1 [Source:EMBL;Acc:AEE76784.1]"
"AT3G25165","protein ralf-like 25 [Source:EMBL;Acc:AEE76987.1]"
"AT3G22860","translation initiation factor eIF-3 subunit 8 [Source:EMBL;Acc:AEE76685.1]"
"AT3G28950","AIG2-like protein [Source:EMBL;Acc:AEE77512.1]"
"AT1G12400","basal transcription factor complex TTD-A subunit [Source:EMBL;Acc:AEE28875.1]"
"AT3G27325","hydrolase [Source:EMBL;Acc:AEE77296.1]"
"AT3G28345","ABC transporter B family member 15 [Source:EMBL;Acc:AEE77436.1]"
"AT3G28780","uncharacterized protein [Source:EMBL;Acc:AEE77490.1]"
"AT3G26130","Cellulase (glycosyl hydrolase family 5) protein [Source:EMBL;Acc:AEE77124.1]"
"AT3G28980","uncharacterized protein [Source:EMBL;Acc:AEE77517.1]"
"AT3G26140","Cellulase (glycosyl hydrolase family 5) protein [Source:EMBL;Acc:AEE77125.1]"
"AT3G26880","self-incompatibility S1 family protein [Source:EMBL;Acc:AEE77228.1]"
"AT3G25680","uncharacterized protein [Source:EMBL;Acc:AEE77050.1]"
"AT3G26070","putative plastid-lipid-associated protein 4 [Source:EMBL;Acc:AEE77111.1]"
"AT3G26540","pentatricopeptide repeat-containing protein [Source:EMBL;Acc:AEE77176.1]"
"AT3G26870","self-incompatibility S1 family protein [Source:EMBL;Acc:AEE77227.1]"
"AT3G26110","Anther-specific agp1-like protein [Source:EMBL;Acc:AEE77119.1]"
"AT3G28430","uncharacterized protein [Source:EMBL;Acc:AEE77444.1]"
"AT3G27610","nucleotidylyl transferase domain-containing protein [Source:EMBL;Acc:AEE77344.1]"
"AT3G27530","golgin candidate 6 [Source:EMBL;Acc:AEE77334.1]"
"AT3G28550","Proline-rich extensin-like family protein [Source:EMBL;Acc:AEE77459.1]"
"AT3G27410","uncharacterized protein [Source:EMBL;Acc:AEE77313.1]"
"AT3G26860","self-incompatibility S1 family protein [Source:EMBL;Acc:AEE77226.1]"
"AT3G27700","zinc finger CCCH domain-containing protein 41 [Source:EMBL;Acc:AEE77354.1]"
"AT3G30160","uncharacterized protein [Source:EMBL;Acc:AEE77619.1]"
"AT3G29120","transposable element gene.[Source:TAIR;Acc:AT3G29120]"
"AT3G29570","uncharacterized protein [Source:EMBL;Acc:AEE77587.1]"
"AT3G31460","transposable element gene.[Source:TAIR;Acc:AT3G31460]"
"AT3G30450","transposable element gene.[Source:TAIR;Acc:AT3G30450]"
"AT3G29575","Ninja-family protein AFP3 [Source:EMBL;Acc:AEE77590.1]"
"AT3G31970","transposable element gene.[Source:TAIR;Acc:AT3G31970]"
"AT3G29410","terpene cyclase class C1 domain-containing protein [Source:EMBL;Acc:AEE77582.1]"
"AT3G29090","pectinesterase 31 [Source:EMBL;Acc:AEE77534.1]"
"AT1G04470","uncharacterized protein [Source:EMBL;Acc:AEE27701.1]"
"AT3G29210","transposable element gene.[Source:TAIR;Acc:AT3G29210]"
"AT3G29060","phosphate transporter PHO1-9 [Source:EMBL;Acc:AEE77530.1]"
"AT3G30720","qua-quine starch [Source:EMBL;Acc:AEE77653.1]"
"AT3G32900","transposable element gene.[Source:TAIR;Acc:AT3G32900]"
"AT1G01140","CBL-interacting serine/threonine-protein kinase 9 [Source:EMBL;Acc:AEE27243.1]"
"AT3G33066","transposable element gene.[Source:TAIR;Acc:AT3G33066]"
"AT3G32920","P-loop containing nucleoside triphosphate hydrolase-like protein [Source:EMBL;Acc:AEE77702.1]"
"AT3G43300","guanine nucleotide-exchange factor [Source:EMBL;Acc:AEE77785.1]"
"AT3G42800","uncharacterized protein [Source:EMBL;Acc:AEE77753.1]"
"AT3G44930","cation/H(+) antiporter 10 [Source:EMBL;Acc:AEE77969.1]"
"AT3G44430","uncharacterized protein [Source:EMBL;Acc:AEE77902.1]"
"AT3G43740","leucine-rich repeat-containing protein [Source:EMBL;Acc:AEE77824.1]"
"AT3G45280","syntaxin-72 [Source:EMBL;Acc:AEE78017.1]"
"AT3G46520","actin-12 [Source:EMBL;Acc:AEE78168.1]"
"AT3G45830","uncharacterized protein [Source:EMBL;Acc:AEE78078.1]"
"AT3G43550","GDSL esterase/lipase [Source:EMBL;Acc:AEE77805.1]"
"AT3G46530","disease resistance protein RPP13 [Source:EMBL;Acc:AEE78169.1]"
"AT1G16710","histone acetyltransferase HAC12 [Source:EMBL;Acc:AEE29487.1]"
"AT1G18990","uncharacterized protein [Source:EMBL;Acc:AEE29787.1]"
"AT3G44500","transposable element gene.[Source:TAIR;Acc:AT3G44500]"
"AT3G45680","major facilitator protein [Source:EMBL;Acc:AEE78059.1]"
"AT3G44690","uncharacterized protein [Source:EMBL;Acc:AEE77931.1]"
"AT3G46290","receptor-like protein kinase HERK 1 [Source:EMBL;Acc:AEE78143.1]"
"AT3G43860","endoglucanase 16 [Source:EMBL;Acc:AEE77836.1]"
"AT3G45780","non-specific serine/threonine protein kinase [Source:EMBL;Acc:AEE78073.1]"
"AT3G45450","Clp amino terminal domain-containing protein [Source:EMBL;Acc:AEE78032.1]"
"AT3G49320","Metal-dependent protein hydrolase [Source:EMBL;Acc:AEE78528.1]"
"AT3G50370","uncharacterized protein [Source:EMBL;Acc:AEE78659.1]"
"AT3G50310","mitogen-activated protein kinase kinase kinase 20 [Source:EMBL;Acc:AEE78651.1]"
"AT3G47270","transposable element gene.[Source:TAIR;Acc:AT3G47270]"
"AT3G49240","pentatricopeptide repeat-containing protein [Source:EMBL;Acc:AEE78514.1]"
"AT3G50590","transducin/WD40 domain-containing protein [Source:EMBL;Acc:AEE78684.1]"
"AT3G48250","pentatricopeptide repeat-containing protein [Source:EMBL;Acc:AEE78391.1]"
"AT3G47260","transposable element gene.[Source:TAIR;Acc:AT3G47260]"
"AT1G17800","early nodulin-like protein 22 [Source:EMBL;Acc:AEE29638.1]"
"AT3G47440","putative aquaporin TIP5-1 [Source:EMBL;Acc:AEE78281.1]"
"AT3G47890","Ubiquitin carboxyl-terminal hydrolase-related protein [Source:EMBL;Acc:AEE78343.1]"
"AT3G48600","SWIB complex BAF60b domain-containing protein [Source:EMBL;Acc:AEE78435.1]"
"AT3G48050","BAH and TFIIS domain-containing protein [Source:EMBL;Acc:AEE78361.1]"
"AT3G48450","RPM1-interacting protein 4 (RIN4) [Source:EMBL;Acc:AEE78418.1]"
"AT3G51770","tetratricopeptide repeat (TPR)-containing protein [Source:EMBL;Acc:AEE78840.1]"
"AT3G52600","beta-fructofuranosidase, insoluble isoenzyme CWINV2 [Source:EMBL;Acc:AEE78968.1]"
"AT3G50970","dehydrin Xero 2 [Source:EMBL;Acc:AEE78733.1]"
"AT3G53710","putative ADP-ribosylation factor GTPase-activating protein AGD6 [Source:EMBL;Acc:AEE79131.1]"
"AT3G51550","receptor-like protein kinase FERONIA [Source:EMBL;Acc:AEE78805.1]"
"AT3G52620","uncharacterized protein [Source:EMBL;Acc:AEE78970.1]"
"AT3G51690","PIF1 helicase [Source:EMBL;Acc:AEE78827.1]"
"AT3G52610","uncharacterized protein [Source:EMBL;Acc:AEE78969.1]"
"AT3G54240","alpha/beta-hydrolases family protein [Source:EMBL;Acc:AEE79203.1]"
"AT1G18800","template-activating factor I [Source:EMBL;Acc:AEE29765.1]"
"AT1G17830","uncharacterized protein [Source:EMBL;Acc:AEE29641.1]"
"AT3G52140","tetratricopeptide repeat (TPR)-containing protein [Source:EMBL;Acc:AEE78899.1]"
"AT3G52460","hydroxyproline-rich glycoprotein family protein [Source:EMBL;Acc:AEE78948.1]"
"AT3G53380","concanavalin A-like lectin kinase-like protein [Source:EMBL;Acc:AEE79078.1]"
"AT3G55660","ROP (rho of plants) guanine nucleotide exchange factor 6 [Source:EMBL;Acc:AEE79417.1]"
"AT3G55410","2-oxoglutarate dehydrogenase, E1 component [Source:EMBL;Acc:AEE79381.1]"
"AT3G57390","protein agamous-like 18 [Source:EMBL;Acc:AEE79649.1]"
"AT3G57660","DNA-directed RNA polymerase I subunit A1 [Source:EMBL;Acc:AEE79684.1]"
"AT3G54800","Pleckstrin homology (PH) and lipid-binding START domain-containing protein [Source:EMBL;Acc:AEE79290.1]"
"AT3G57690","arabinogalactan protein 23 [Source:EMBL;Acc:AEE79687.1]"
"AT3G56990","embryo sac development arrest 7 protein [Source:EMBL;Acc:AEE79596.1]"
"AT3G56150","translation initiation factor eIF-3 subunit 8 [Source:EMBL;Acc:AEE79487.1]"
"AT1G15940","aspartyl beta-hydroxylase N-terminal region domain-containing protein [Source:EMBL;Acc:AEE29387.1]"
"AT3G57890","Tubulin binding cofactor C domain-containing protein [Source:EMBL;Acc:AEE79713.1]"
"AT3G55170","60S ribosomal protein L35-3 [Source:EMBL;Acc:AEE79349.1]"
"AT3G55020","RabGAP/TBC domain-containing protein [Source:EMBL;Acc:AEE79329.1]"
"AT3G55270","mitogen-activated protein kinase phosphatase 1 [Source:EMBL;Acc:AEE79361.1]"
"AT3G55200","splicing factor 3B subunit 3 [Source:EMBL;Acc:AEE79352.1]"
"AT3G56160","Sodium bile acid symporter family protein [Source:EMBL;Acc:AEE79488.1]"
"AT3G54790","U-box domain-containing protein 3 [Source:EMBL;Acc:AEE79288.1]"
"AT3G55510","Noc2p family protein [Source:EMBL;Acc:AEE79394.1]"
"AT3G57250","Emsy N Terminus (ENT) domain-containing protein [Source:EMBL;Acc:AEE79632.1]"
"AT3G60780","uncharacterized protein [Source:EMBL;Acc:AEE80107.1]"
"AT3G59820","LETM1-like protein [Source:EMBL;Acc:AEE79972.1]"
"AT3G61060","F-box protein PP2-A13 [Source:EMBL;Acc:AEE80147.1]"
"AT3G61230","GATA type zinc finger transcription factor family protein [Source:EMBL;Acc:AEE80176.1]"
"AT1G18580","alpha-1,4-galacturonosyltransferase [Source:EMBL;Acc:AEE29731.1]"
"AT3G59020","armadillo/beta-catenin-like repeat-containing protein [Source:EMBL;Acc:AEE79862.1]"
"AT3G59770","SAC domain-containing protein 9 [Source:EMBL;Acc:AEE79966.1]"
"AT3G59940","F-box/kelch-repeat protein SKIP20 [Source:EMBL;Acc:AEE79987.1]"
"AT3G61780","protein embryo defective 1703 [Source:EMBL;Acc:AEE80256.1]"
"AT1G03050","putative clathrin assembly protein [Source:EMBL;Acc:AEE27520.1]"
"AT4G00350","mate efflux domain-containing protein [Source:EMBL;Acc:AEE81864.1]"
"AT3G62710","glycosyl hydrolase-like protein [Source:EMBL;Acc:AEE80382.1]"
"AT4G00680","actin depolymerizing factor 8 [Source:EMBL;Acc:AEE81918.1]"
"AT4G00600","amino acid dehydrogenase family protein [Source:EMBL;Acc:AEE81908.1]"
"AT3G62640","uncharacterized protein [Source:EMBL;Acc:AEE80374.1]"
"AT4G00416","methyl-CPG-binding domain 3 protein [Source:EMBL;Acc:AEE81874.1]"
"AT3G63460","protein transport protein SEC31 [Source:EMBL;Acc:AEE80486.1]"
"AT4G00335","RING-H2 finger B1A [Source:EMBL;Acc:AEE81861.1]"
"AT3G62310","pre-mRNA-splicing factor ATP-dependent RNA helicase DHX15/PRP43 [Source:EMBL;Acc:AEE80337.1]"
"AT3G63070","Tudor/PWWP/MBT domain-containing protein [Source:EMBL;Acc:AEE80431.1]"
"AT4G01920","cysteine/histidine-rich C1 domain-containing protein [Source:EMBL;Acc:AEE82099.1]"
"AT4G01130","GDSL esterase/lipase [Source:EMBL;Acc:AEE81985.1]"
"AT4G00020","breast cancer protein 2 like 2A [Source:EMBL;Acc:AEE81813.1]"
"AT4G00630","K(+) efflux antiporter 2 [Source:EMBL;Acc:AEE81912.1]"
"AT4G04850","K+ efflux antiporter 3 [Source:EMBL;Acc:AEE82432.1]"
"AT4G02710","kinase interacting-like protein [Source:EMBL;Acc:AEE82216.1]"
"AT4G03900",""
"AT4G03790","transposable element gene.[Source:TAIR;Acc:AT4G03790]"
"AT4G02250","plant invertase/pectin methylesterase inhibitor domain-containing protein [Source:EMBL;Acc:AEE82145.1]"
"AT4G02540","cysteine/histidine-rich C1 domain-containing protein [Source:EMBL;Acc:AEE82186.1]"
"AT4G04710","calcium-dependent protein kinase 22 [Source:EMBL;Acc:AEE82415.1]"
"AT4G05040","ankyrin repeat-containing protein [Source:EMBL;Acc:AEE82467.1]"
"AT4G02570","cullin 1 [Source:EMBL;Acc:AEE82197.1]"
"AT4G03090","sequence-specific DNA binding transcription factor [Source:EMBL;Acc:AEE82270.1]"
"AT4G05050","ubiquitin 11 [Source:EMBL;Acc:AEE82470.1]"
"AT4G02560","homeobox protein LUMINIDEPENDENS [Source:EMBL;Acc:AEE82193.1]"
"AT4G03550","callose synthase 12 [Source:EMBL;Acc:AEE82336.1]"
"AT1G19780","cyclic nucleotide gated channel 8 [Source:EMBL;Acc:AEE29896.1]"
"AT1G19520","pentatricopeptide repeat-containing protein [Source:EMBL;Acc:AEE29864.1]"
"AT4G04550","transposable element gene.[Source:TAIR;Acc:AT4G04550]"
"AT4G03070","oxidoreductase AOP1 [Source:EMBL;Acc:AEE82267.1]"
"AT4G04980","uncharacterized protein [Source:EMBL;Acc:AEE82453.1]"
"AT4G07450","transposable element gene.[Source:TAIR;Acc:AT4G07450]"
"AT4G07670","protease-associated (PA) domain-containing protein [Source:EMBL;Acc:AEE82576.1]"
"AT1G23350","plant invertase/pectin methylesterase inhibitor domain-containing protein [Source:EMBL;Acc:AEE30376.1]"
"AT1G23240","caleosin-related protein [Source:EMBL;Acc:AEE30362.1]"
"AT4G10590","ubiquitin carboxyl-terminal hydrolase 9 [Source:EMBL;Acc:AEE82902.1]"
"AT4G10950","GDSL-motif lipase/hydrolase family protein [Source:EMBL;Acc:AEE82950.1]"
"AT4G10930","uncharacterized protein [Source:EMBL;Acc:AEE82948.1]"
"AT4G08320","tetratricopeptide repeat domain-containing protein [Source:EMBL;Acc:AEE82625.1]"
"AT4G10580","transposable element gene.[Source:TAIR;Acc:AT4G10580]"
"AT1G02870","uncharacterized protein [Source:EMBL;Acc:AEE27487.1]"
"AT4G11110","protein SPA1-related 2 [Source:EMBL;Acc:AEE82974.1]"
"AT4G11760","defensin-like protein 151 [Source:EMBL;Acc:AEE83046.1]"
"AT4G11830","phospholipase D gamma 2 [Source:EMBL;Acc:AEE83055.1]"
"AT4G14385","chromatin modification-related protein EAF6 [Source:EMBL;Acc:AEE83434.1]"
"AT4G12460","OSBP(oxysterol binding protein)-related protein 2B [Source:EMBL;Acc:AEE83136.1]"
"AT4G13090","xyloglucan endotransglucosylase/hydrolase protein 2 [Source:EMBL;Acc:AEE83229.1]"
"AT4G11640","serine racemase [Source:EMBL;Acc:AEE83032.1]"
"AT4G11780","uncharacterized protein [Source:EMBL;Acc:AEE83048.1]"
"AT4G13240","RHO guanyl-nucleotide exchange factor 9 [Source:EMBL;Acc:AEE83250.1]"
"AT1G20440","dehydrin COR47 [Source:EMBL;Acc:AEE29972.1]"
"AT4G12580","uncharacterized protein [Source:EMBL;Acc:AEE83150.1]"
"AT4G14010","protein ralf-like 32 [Source:EMBL;Acc:AEE83360.1]"
"AT4G11530","putative cysteine-rich receptor-like protein kinase 35 [Source:EMBL;Acc:AEE83021.1]"
"AT4G15160","bifunctional inhibitor/lipid-transfer protein/seed storage 2S albumin-like protein [Source:EMBL;Acc:AEE83563.1]"
"AT4G15040","Subtilisin-like serine endopeptidase family protein [Source:EMBL;Acc:AEE83544.1]"
"AT4G15980","pectinesterase 43 [Source:EMBL;Acc:AEE83677.1]"
"AT4G15200","formin 3 [Source:EMBL;Acc:AEE83567.1]"
"AT4G14810","uncharacterized protein [Source:EMBL;Acc:AEE83503.1]"
"AT4G16880","Leucine-rich repeat (LRR) family protein [Source:EMBL;Acc:AEE83819.1]"
"AT4G15020","hAT and BED zinc finger domain-containing protein [Source:EMBL;Acc:AEE83541.1]"
"AT4G16610","C2H2-like zinc finger protein [Source:EMBL;Acc:AEE83776.1]"
"AT4G16630","DEAD-box ATP-dependent RNA helicase 28 [Source:EMBL;Acc:AEE83778.1]"
"AT4G16850","uncharacterized protein [Source:EMBL;Acc:AEE83816.1]"
"AT4G17020","transcription initiation factor TFIIH subunit H4 [Source:EMBL;Acc:AEE83839.1]"
"AT4G15180","putative histone-lysine N-methyltransferase ATXR3 [Source:EMBL;Acc:AEE83565.1]"
"AT4G16230","carboxylesterase/ hydrolase [Source:EMBL;Acc:AEE83719.1]"
"AT4G16143","importin alpha isoform 2 [Source:EMBL;Acc:AEE83700.1]"
"AT4G17330","G2484-1 protein [Source:EMBL;Acc:AEE83877.1]"
"AT4G14790","ATP-dependent RNA helicase, mitochondrial (SUV3) [Source:EMBL;Acc:AEE83499.1]"
"AT4G16180","uncharacterized protein [Source:EMBL;Acc:AEE83711.1]"
"AT1G22530","patellin-4 [Source:EMBL;Acc:AEE30253.1]"
"AT4G18290","Potassium channel KAT2 [Source:EMBL;Acc:AEE84021.1]"
"AT4G18975","pentatricopeptide repeat-containing protein [Source:EMBL;Acc:AEE84116.1]"
"AT4G19240","uncharacterized protein [Source:EMBL;Acc:AEE84164.1]"
"AT4G19500","P-loop NTPase and Toll/interleukin-1 receptor (TIR) homology domain protein [Source:EMBL;Acc:AEE84191.1]"
"AT4G18593","dual specificity protein phosphatase-like protein [Source:EMBL;Acc:AEE84065.1]"
"AT4G18340","glycosyl hydrolase family 17 protein [Source:EMBL;Acc:AEE84029.1]"
"AT4G18700","CBL-interacting serine/threonine-protein kinase 12 [Source:EMBL;Acc:AEE84078.1]"
"AT4G18395","uncharacterized protein [Source:EMBL;Acc:AEE84041.1]"
"AT4G18350","9-cis-epoxycarotenoid dioxygenase NCED2 [Source:EMBL;Acc:AEE84030.1]"
"AT4G21100","DNA damage-binding protein 1b [Source:EMBL;Acc:AEE84401.1]"
"AT4G20530","cysteine-rich repeat secretory protein 54 [Source:EMBL;Acc:AEE84339.1]"
"AT4G21650","Subtilase family protein [Source:EMBL;Acc:AEE84485.1]"
"AT4G20480","Putative endonuclease or glycosyl hydrolase [Source:EMBL;Acc:AEE84337.1]"
"AT4G18400","uncharacterized protein [Source:EMBL;Acc:AEE84042.1]"
"AT4G19430","uncharacterized protein [Source:EMBL;Acc:AEE84181.1]"
"AT4G18280","glycine-rich cell wall protein-like protein [Source:EMBL;Acc:AEE84019.1]"
"AT4G18600","scar-like domain-containing protein WAVE 5 [Source:EMBL;Acc:AEE84067.1]"
"AT4G18900","transducin/WD40 domain-containing protein [Source:EMBL;Acc:AEE84103.1]"
"AT1G23030","U-box domain-containing protein 11 [Source:EMBL;Acc:AEE30324.1]"
"AT4G25340","peptidylprolyl isomerase [Source:EMBL;Acc:AEE85044.1]"
"AT4G23840","leucine-rich repeat-containing protein [Source:EMBL;Acc:AEE84811.1]"
"AT4G24270","protein embryo defective 140 [Source:EMBL;Acc:AEE84882.1]"
"AT4G24290","MAC/Perforin domain-containing protein [Source:EMBL;Acc:AEE84885.1]"
"AT4G21870","heat shock protein class V 15.4 [Source:EMBL;Acc:AEE84517.1]"
"AT1G20970","uncharacterized protein [Source:EMBL;Acc:AEE30049.1]"
"AT4G22350","U4/U6.U5 tri-snRNP-associated protein 2 [Source:EMBL;Acc:AEE84599.1]"
"AT1G21630","calcium-binding EF-hand-containing protein [Source:EMBL;Acc:AEE30128.1]"
"AT1G22130","protein AGAMOUS-like 104 [Source:EMBL;Acc:AEE30200.1]"
"AT1G23540","protein kinase domain-containing protein [Source:EMBL;Acc:AEE30401.1]"
"AT4G25010","nodulin MtN3-like protein [Source:EMBL;Acc:AEE84991.1]"
"AT4G24640","plant invertase/pectin methylesterase inhibitor domain-containing protein [Source:EMBL;Acc:AEE84936.1]"
"AT4G27010","uncharacterized protein [Source:EMBL;Acc:AEE85283.1]"
"AT4G26630","DEK domain-containing chromatin associated protein [Source:EMBL;Acc:AEE85229.1]"
"AT4G25780","putative pathogenesis-related protein [Source:EMBL;Acc:AEE85113.1]"
"AT4G27590","heavy metal associated domain-containing protein [Source:EMBL;Acc:AEE85361.1]"
"AT1G20920","DEAD-box ATP-dependent RNA helicase 42 [Source:EMBL;Acc:AEE30041.1]"
"AT4G28150","uncharacterized protein [Source:EMBL;Acc:AEE85445.1]"
"AT1G01310","allergen V5/Tpx-1-related family protein [Source:EMBL;Acc:AEE27270.1]"
"AT4G25880","pumilio 6 protein [Source:EMBL;Acc:AEE85129.1]"
"AT4G27790","Calcium-binding EF hand family protein [Source:EMBL;Acc:AEE85392.1]"
"AT4G27110","COBRA-like protein 11 [Source:EMBL;Acc:AEE85302.1]"
"AT4G27640","armadillo/beta-catenin-like repeat-containing protein [Source:EMBL;Acc:AEE85373.1]"
"AT4G25610","C2H2-like zinc finger protein [Source:EMBL;Acc:AEE85082.1]"
"AT4G25760","glutamine dumper 2 [Source:EMBL;Acc:AEE85110.1]"
"AT4G25730","FtsJ-like methyltransferase family protein [Source:EMBL;Acc:AEE85106.1]"
"AT4G25590","actin depolymerizing factor 7 [Source:EMBL;Acc:AEE85080.1]"
"AT4G27050","F-box protein [Source:EMBL;Acc:AEE85294.1]"
"AT4G25570","cytochrome b561/ferric reductase transmembrane family protein [Source:EMBL;Acc:AEE85078.1]"
"AT4G26400","RING/U-box domain-containing protein [Source:EMBL;Acc:AEE85194.1]"
"AT4G26480","RNA-binding KH domain-containing protein [Source:EMBL;Acc:AEE85206.1]"
"AT4G28000","AAA-type ATPase family protein [Source:EMBL;Acc:AEE85418.1]"
"AT4G28280","LORELEI-like-GPI anchored protein 3 [Source:EMBL;Acc:AEE85463.1]"
"AT1G22980","uncharacterized protein [Source:EMBL;Acc:AEE30317.1]"
"AT4G27820","beta glucosidase 9 [Source:EMBL;Acc:AEE85397.1]"
"AT1G23230","uncharacterized protein [Source:EMBL;Acc:AEE30360.1]"
"AT4G27340","Met-10+ like family protein [Source:EMBL;Acc:AEE85326.1]"
"AT4G32520","serine hydroxymethyltransferase 3 [Source:EMBL;Acc:AEE86072.1]"
"AT4G31880","uncharacterized protein [Source:EMBL;Acc:AEE85972.1]"
"AT4G30150","uncharacterized protein [Source:EMBL;Acc:AEE85726.1]"
"AT4G30740","uncharacterized protein [Source:EMBL;Acc:AEE85803.1]"
"AT4G32420","peptidylprolyl isomerase [Source:EMBL;Acc:AEE86055.1]"
"AT4G32050","neurochondrin family protein [Source:EMBL;Acc:AEE85998.1]"
"AT4G32410","cellulose synthase A catalytic subunit 1 [UDP-forming] [Source:EMBL;Acc:AEE86053.1]"
"AT4G31080","uncharacterized protein [Source:EMBL;Acc:AEE85854.1]"
"AT4G31210","DNA topoisomerase, type IA, core [Source:EMBL;Acc:AEE85878.1]"
"AT4G31260","uncharacterized protein [Source:EMBL;Acc:AEE85883.1]"
"AT4G29770","uncharacterized protein [Source:EMBL;Acc:AEE85673.1]"
"AT4G31570","uncharacterized protein [Source:EMBL;Acc:AEE85930.1]"
"AT4G30380","putative EG45-like domain-containing protein 1 [Source:EMBL;Acc:AEE85758.1]"
"AT4G30440","UDP-D-glucuronate 4-epimerase 1 [Source:EMBL;Acc:AEE85765.1]"
"AT4G30140","GDSL esterase/lipase [Source:EMBL;Acc:AEE85725.1]"
"AT4G31540","exocyst complex component 7 [Source:EMBL;Acc:AEE85926.1]"
"AT4G32730","myb-related protein 3R-1 [Source:EMBL;Acc:AEE86111.1]"
"AT4G31160","DDB1-and CUL4-associated factor-1 [Source:EMBL;Acc:AEE85867.1]"
"AT4G31480","coatomer subunit beta-1 [Source:EMBL;Acc:AEE85919.1]"
"AT4G32551","transcriptional corepressor LEUNIG [Source:EMBL;Acc:AEE86076.1]"
"AT4G30050","uncharacterized protein [Source:EMBL;Acc:AEE85712.1]"
"AT4G30990","down-regulated in metastasis (DRIM) domain-containing protein [Source:EMBL;Acc:AEE85838.1]"
"AT4G35800","DNA-directed RNA polymerase II subunit RPB1 [Source:EMBL;Acc:AEE86573.1]"
"AT4G35050","histone-binding protein RBBP4 [Source:EMBL;Acc:AEE86455.1]"
"AT4G34440","protein kinase family protein [Source:EMBL;Acc:AEE86377.1]"
"AT4G33850",""
"AT1G20960","putative U5 small nuclear ribonucleoprotein helicase [Source:EMBL;Acc:AEE30047.1]"
"AT4G35700","zinc finger (C2H2 type) family protein [Source:EMBL;Acc:AEE86550.1]"
"AT4G36040","chaperone protein dnaJ 11 [Source:EMBL;Acc:AEE86605.1]"
"AT4G34830","pentatricopeptide repeat-containing protein [Source:EMBL;Acc:AEE86426.1]"
"AT4G33230","pectinesterase 45 [Source:EMBL;Acc:AEE86193.1]"
"AT4G36420","Ribosomal protein L12 family protein [Source:EMBL;Acc:AEE86654.1]"
"AT4G34020","class I glutamine amidotransferase domain-containing protein [Source:EMBL;Acc:AEE86310.1]"
"AT4G36490","protein SEC14-like 12 [Source:EMBL;Acc:AEE86662.1]"
"AT1G19960","uncharacterized protein [Source:EMBL;Acc:AEE29917.1]"
"AT4G37610","BTB and TAZ domain protein 5 [Source:EMBL;Acc:AEE86816.1]"
"AT4G37910","molecular chaperone DnaK [Source:EMBL;Acc:AEE86852.1]"
"AT4G38180","protein FAR1-related sequence 5 [Source:EMBL;Acc:AEE86890.1]"
"AT4G37080","uncharacterized protein [Source:EMBL;Acc:AEE86749.1]"
"AT4G38470","ACT-like protein tyrosine kinase family protein [Source:EMBL;Acc:AEE86931.1]"
"AT4G37730","basic leucine-zipper 7 [Source:EMBL;Acc:AEE86832.1]"
"AT4G39110","putative receptor-like protein kinase [Source:EMBL;Acc:AEE87020.1]"
"AT1G22960","pentatricopeptide repeat-containing protein [Source:EMBL;Acc:AEE30315.1]"
"AT4G39610","uncharacterized protein [Source:EMBL;Acc:AEE87093.1]"
"AT4G39180","Sec14p-like phosphatidylinositol transfer family protein [Source:EMBL;Acc:AEE87033.1]"
"AT4G38200","SEC7-like guanine nucleotide exchange family protein [Source:EMBL;Acc:AEE86892.1]"
"AT4G36780","BES1/BZR1-like protein 2 [Source:EMBL;Acc:AEE86700.1]"
"AT4G38060","uncharacterized protein [Source:EMBL;Acc:AEE86870.1]"
"AT5G02080","phosphopantothenate--cysteine ligase 2 [Source:EMBL;Acc:AED90429.1]"
"AT1G23050","hydroxyproline-rich glycoprotein family protein [Source:EMBL;Acc:AEE30327.1]"
"AT5G03840","protein TERMINAL FLOWER 1 [Source:EMBL;Acc:AED90661.1]"
"AT5G01400","symplekin [Source:EMBL;Acc:AED90339.1]"
"AT5G02310","proteolysis 6 [Source:EMBL;Acc:AED90457.1]"
"AT5G03130","uncharacterized protein [Source:EMBL;Acc:AED90559.1]"
"AT5G04180","carbonic anhydrase [Source:EMBL;Acc:AED90708.1]"
"AT5G02050","Mitochondrial glycoprotein family protein [Source:EMBL;Acc:AED90426.1]"
"AT5G04190","protein PHYTOCHROME KINASE SUBSTRATE 4 [Source:EMBL;Acc:AED90709.1]"
"AT5G04550","uncharacterized protein [Source:EMBL;Acc:AED90759.1]"
"AT5G03690","fructose-bisphosphate aldolase, class I [Source:EMBL;Acc:AED90642.1]"
"AT5G03200","RING/U-box domain-containing protein [Source:EMBL;Acc:AED90569.1]"
"AT5G02860","pentatricopeptide repeat-containing protein [Source:EMBL;Acc:AED90528.1]"
"AT5G04110","DNA gyrase B3 [Source:EMBL;Acc:AED90699.1]"
"AT5G01700","putative protein phosphatase 2C 65 [Source:EMBL;Acc:AED90378.1]"
"AT5G07620","protein kinase family protein [Source:EMBL;Acc:AED91186.1]"
"AT1G26930","F-box/kelch-repeat protein [Source:EMBL;Acc:AEE30761.1]"
"AT5G07920","diacylglycerol kinase1 [Source:EMBL;Acc:AED91221.1]"
"AT5G09400","Potassium transporter 7 [Source:EMBL;Acc:AED91387.1]"
"AT5G08550","GC-rich sequence DNA-binding factor [Source:EMBL;Acc:AED91319.1]"
"AT1G25380","NAD+ transporter 2 [Source:EMBL;Acc:AEE30615.1]"
"AT1G27540","uncharacterized protein [Source:EMBL;Acc:AEE30843.1]"
"AT5G07550","glycine-rich protein 19 [Source:EMBL;Acc:AED91177.1]"
"AT5G07440","glutamate dehydrogenase 2 [Source:EMBL;Acc:AED91159.1]"
"AT5G07240","IQ-domain 24 protein [Source:EMBL;Acc:AED91126.1]"
"AT5G07420","putative pectinesterase 49 [Source:EMBL;Acc:AED91155.1]"
"AT5G06060","tropine dehydrogenase [Source:EMBL;Acc:AED90960.1]"
"AT5G06680","spindle pole body component 98 [Source:EMBL;Acc:AED91049.1]"
"AT5G08220","uncharacterized protein [Source:EMBL;Acc:AED91272.1]"
"AT5G07530","glycine rich protein 17 [Source:EMBL;Acc:AED91171.1]"
"AT5G07940","uncharacterized protein [Source:EMBL;Acc:AED91227.1]"
"AT5G06160","splicing factor 3A subunit 3 [Source:EMBL;Acc:AED90977.1]"
"AT5G05760","syntaxin-31 [Source:EMBL;Acc:AED90921.1]"
"AT5G09430","alpha/beta-hydrolase domain-containing protein [Source:EMBL;Acc:AED91392.1]"
"AT5G10320","uncharacterized protein [Source:EMBL;Acc:AED91522.1]"
"AT5G12370","exocyst complex component 5 [Source:EMBL;Acc:AED91801.1]"
"AT1G23880","NHL domain-containing protein [Source:EMBL;Acc:AEE30445.1]"
"AT5G12850","zinc finger CCCH domain-containing protein 56 [Source:EMBL;Acc:AED91821.1]"
"AT5G12430","Heat shock protein DnaJ with tetratricopeptide repeat [Source:EMBL;Acc:AED91808.1]"
"AT5G10090","tetratricopeptide repeat domain-containing protein [Source:EMBL;Acc:AED91492.1]"
"AT1G26900","pentatricopeptide repeat-containing protein [Source:EMBL;Acc:AEE30756.1]"
"AT5G13530","E3 ubiquitin-protein ligase KEG [Source:EMBL;Acc:AED91909.1]"
"AT5G12220","las1-like family protein [Source:EMBL;Acc:AED91777.1]"
"AT5G10310","epidermal patterning factor-like protein 1 [Source:EMBL;Acc:AED91519.1]"
"AT5G11240","transducin/WD40 domain-containing protein [Source:EMBL;Acc:AED91651.1]"
"AT5G13020","Emsy N Terminus and plant Tudor-like domain-containing protein [Source:EMBL;Acc:AED91842.1]"
"AT5G10500","kinase interacting-like protein [Source:EMBL;Acc:AED91554.1]"
"AT5G09870","cellulose synthase A catalytic subunit 5 [UDP-forming] [Source:EMBL;Acc:AED91458.1]"
"AT5G10950","cylicin-related protein [Source:EMBL;Acc:AED91614.1]"
"AT5G13030","uncharacterized protein [Source:EMBL;Acc:AED91843.1]"
"AT5G12180","calcium-dependent protein kinase 17 [Source:EMBL;Acc:AED91771.1]"
"AT5G14380","arabinogalactan protein 6 [Source:EMBL;Acc:AED92024.1]"
"AT5G15980","pentatricopeptide repeat-containing protein [Source:EMBL;Acc:AED92232.1]"
"AT5G15680","armadillo/beta-catenin-like repeat-containing protein [Source:EMBL;Acc:AED92191.1]"
"AT5G15950","S-adenosylmethionine decarboxylase-like protein [Source:EMBL;Acc:AED92228.1]"
"AT5G17540","HXXXD-type acyl-transferase-like protein [Source:EMBL;Acc:AED92441.1]"
"AT5G15110","putative pectate lyase 19 [Source:EMBL;Acc:AED92118.1]"
"AT5G15360","uncharacterized protein [Source:EMBL;Acc:AED92153.1]"
"AT5G16280","uncharacterized protein [Source:EMBL;Acc:AED92268.1]"
"AT5G14720","protein kinase family protein [Source:EMBL;Acc:AED92066.1]"
"AT5G16500","protein kinase family protein [Source:EMBL;Acc:AED92301.1]"
"AT5G16930","AAA-type ATPase family protein [Source:EMBL;Acc:AED92359.1]"
"AT5G14950","alpha-mannosidase II [Source:EMBL;Acc:AED92095.1]"
"AT5G16380","uncharacterized protein [Source:EMBL;Acc:AED92285.1]"
"AT5G16980","2-alkenal reductase [Source:EMBL;Acc:AED92365.1]"
"AT5G15140","aldose 1-epimerase [Source:EMBL;Acc:AED92121.1]"
"AT5G16100","uncharacterized protein [Source:EMBL;Acc:AED92246.1]"
"AT5G16690","origin recognition complex subunit 3 [Source:EMBL;Acc:AED92326.1]"
"AT5G17270","tetratricopeptide repeat-containing protein [Source:EMBL;Acc:AED92407.1]"
"AT5G17100","cystatin-related protein [Source:EMBL;Acc:AED92383.1]"
"AT5G20360","octicosapeptide/Phox/Bem1p and tetratricopeptide repeat domain-containing protein [Source:EMBL;Acc:AED92835.1]"
"AT5G20450","uncharacterized protein [Source:EMBL;Acc:AED92846.1]"
"AT5G18040","uncharacterized protein [Source:EMBL;Acc:AED92499.1]"
"AT5G20620","polyubiquitin 4 [Source:EMBL;Acc:AED92867.1]"
"AT5G18230","CCR4-NOT transcription complex subunit 3 [Source:EMBL;Acc:AED92522.1]"
"AT5G19420","regulator of chromosome condensation-like protein with FYVE zinc finger domain [Source:EMBL;Acc:AED92703.1]"
"AT5G19820","armadillo/beta-catenin-like repeat-containing protein [Source:EMBL;Acc:AED92752.1]"
"AT5G19010","mitogen-activated protein kinase 16 [Source:EMBL;Acc:AED92639.1]"
"AT5G20980","methionine synthase 3 [Source:EMBL;Acc:AED92916.1]"
"AT5G22030","ubiquitin-specific protease 8 [Source:EMBL;Acc:AED92971.1]"
"AT5G18830","squamosa promoter-binding-like protein 7 [Source:EMBL;Acc:AED92618.1]"
"AT5G17890","protein DA1-related 4 [Source:EMBL;Acc:AED92482.1]"
"AT5G19400","Telomerase activating protein Est1 [Source:EMBL;Acc:AED92701.1]"
"AT1G27595","symplekin [Source:EMBL;Acc:AEE30851.1]"
"AT5G23270","sugar transport protein 11 [Source:EMBL;Acc:AED93146.1]"
"AT5G25100","endomembrane family protein 70 [Source:EMBL;Acc:AED93400.1]"
"AT5G22760","PHD finger family protein [Source:EMBL;Acc:AED93071.1]"
"AT5G24340","3'-5' exonuclease domain-containing protein [Source:EMBL;Acc:AED93295.1]"
"AT5G23460","uncharacterized protein [Source:EMBL;Acc:AED93172.1]"
"AT5G23800","uncharacterized protein [Source:EMBL;Acc:AED93214.1]"
"AT5G23570","protein SUPPRESSOR OF GENE SILENCING 3 [Source:EMBL;Acc:AED93184.1]"
"AT5G25430","putative boron transporter 6 [Source:EMBL;Acc:AED93442.1]"
"AT5G24740","uncharacterized protein [Source:EMBL;Acc:AED93353.1]"
"AT5G24710","transducin/WD40 domain-containing protein [Source:EMBL;Acc:AED93351.1]"
"AT1G25330","transcription factor bHLH75 [Source:EMBL;Acc:AEE30607.1]"
"AT5G23960","alpha-humulene/(-)-(E)-beta-caryophyllene synthase [Source:EMBL;Acc:AED93238.1]"
"AT5G24080","protein kinase family protein [Source:EMBL;Acc:AED93254.1]"
"AT1G04610","YUCCA family monooxygenase [Source:EMBL;Acc:AEE27721.1]"
"AT1G25240","putative clathrin assembly protein [Source:EMBL;Acc:AEE30592.1]"
"AT5G26910","uncharacterized protein [Source:EMBL;Acc:AED93623.1]"
"AT5G28370","pentatricopeptide repeat-containing protein [Source:EMBL;Acc:AED93793.1]"
"AT5G27390","Mog1/PsbP/DUF1795-like photosystem II reaction center PsbP family protein [Source:EMBL;Acc:AED93681.1]"
"AT5G28680","receptor-like protein kinase ANXUR2 [Source:EMBL;Acc:AED93826.1]"
"AT5G27870","pectinesterase 28 [Source:EMBL;Acc:AED93739.1]"
"AT1G04110","Subtilase-like protein [Source:EMBL;Acc:AEE27657.1]"
"AT5G27980","Seed maturation protein [Source:EMBL;Acc:AED93755.1]"
"AT1G24530","transducin/WD-40 repeat-containing protein [Source:EMBL;Acc:AEE30544.1]"
"AT5G27920","F-box protein [Source:EMBL;Acc:AED93744.1]"
"AT1G26830","cullin 3 [Source:EMBL;Acc:AEE30747.1]"
"AT5G28770","bZIP transcription factor-like protein [Source:EMBL;Acc:AED93834.1]"
"AT5G26860","lon protease 1 [Source:EMBL;Acc:AED93617.1]"
"AT5G28400","uncharacterized protein [Source:EMBL;Acc:AED93796.1]"
"AT5G28210","mRNA capping enzyme family protein [Source:EMBL;Acc:AED93780.1]"
"AT5G26780","serine hydroxymethyltransferase 2 [Source:EMBL;Acc:AED93602.1]"
"AT5G34900",""
"AT5G32460","Transcriptional factor B3 family protein [Source:EMBL;Acc:AED93883.1]"
"AT1G24190","paired amphipathic helix protein Sin3-like 3 [Source:EMBL;Acc:AEE30493.1]"
"AT5G34895",""
"AT5G32430","transposable element gene.[Source:TAIR;Acc:AT5G32430]"
"AT5G35280","transposable element gene.[Source:TAIR;Acc:AT5G35280]"
"AT5G35880","transposable element gene.[Source:TAIR;Acc:AT5G35880]"
"AT5G38000","2-alkenal reductase [Source:EMBL;Acc:AED94256.1]"
"AT5G35980","YAK1-like protein 1 [Source:EMBL;Acc:AED94036.1]"
"AT5G37980","2-alkenal reductase [Source:EMBL;Acc:AED94254.1]"
"AT5G35430","CCR4-NOT transcription complex subunit 10 [Source:EMBL;Acc:AED93967.1]"
"AT5G36910","thionin 2.2 [Source:EMBL;Acc:AED94125.1]"
"AT5G37130","prenylyltransferase-like protein [Source:EMBL;Acc:AED94145.1]"
"AT5G41780","myosin heavy chain-like protein [Source:EMBL;Acc:AED94728.1]"
"AT5G39500","protein GNOM-like 1 [Source:EMBL;Acc:AED94441.1]"
"AT5G39400","Calcium/lipid-binding (CaLB) phosphatase [Source:EMBL;Acc:AED94429.1]"
"AT5G42340","U-box domain-containing protein 15 [Source:EMBL;Acc:AED94798.1]"
"AT5G38890","exosome complex component CSL4 [Source:EMBL;Acc:AED94369.1]"
"AT5G41140","Myosin heavy chain-related protein [Source:EMBL;Acc:AED94646.1]"
"AT5G40950","50S ribosomal protein L27 [Source:EMBL;Acc:AED94618.1]"
"AT5G40480","protein embryo defective 3012 [Source:EMBL;Acc:AED94552.1]"
"AT5G41240","glutathione S-transferase THETA 2 [Source:EMBL;Acc:AED94656.1]"
"AT5G41260","putative serine/threonine-protein kinase [Source:EMBL;Acc:AED94658.1]"
"AT5G40270","metal-dependent phosphohydrolase HD domain-containing protein [Source:EMBL;Acc:AED94528.1]"
"AT1G24620","putative calcium-binding protein CML25 [Source:EMBL;Acc:AEE30554.1]"
"AT5G39870","uncharacterized protein [Source:EMBL;Acc:AED94486.1]"
"AT5G42280","cysteine/histidine-rich C1 domain-containing protein [Source:EMBL;Acc:AED94791.1]"
"AT5G39680","pentatricopeptide repeat-containing protein [Source:EMBL;Acc:AED94463.1]"
"AT5G42700","AP2/B3 domain-containing protein [Source:EMBL;Acc:AED94851.1]"
"AT5G42490","ATP binding microtubule motor family protein [Source:EMBL;Acc:AED94816.1]"
"AT5G44440","FAD-binding and BBE domain-containing protein [Source:EMBL;Acc:AED95109.1]"
"AT5G45630","uncharacterized protein [Source:EMBL;Acc:AED95278.1]"
"AT5G44800","chromatin remodeling 4 protein [Source:EMBL;Acc:AED95164.1]"
"AT5G45190","cyclin-T1-5 [Source:EMBL;Acc:AED95214.1]"
"AT5G42390","Insulinase (Peptidase family M16) family protein [Source:EMBL;Acc:AED94804.1]"
"AT5G45420","duplicated SANT DNA-binding domain-containing protein [Source:EMBL;Acc:AED95248.1]"
"AT5G43880","uncharacterized protein [Source:EMBL;Acc:AED95020.1]"
"AT5G45430","Protein kinase superfamily protein.[Source:TAIR;Acc:AT5G45430]"
"AT5G43900","myosin 2 [Source:EMBL;Acc:AED95022.1]"
"AT5G44400","FAD-binding and BBE domain-containing protein [Source:EMBL;Acc:AED95105.1]"
"AT5G45750","Ras-related protein RABA1c [Source:EMBL;Acc:AED95292.1]"
"AT5G42620","metalloendopeptidase [Source:EMBL;Acc:AED94836.1]"
"AT1G29080","Papain family cysteine protease [Source:EMBL;Acc:AEE31040.1]"
"AT5G46850","phosphatidylinositol glycan, class X [Source:EMBL;Acc:AED95436.1]"
"AT5G46770","uncharacterized protein [Source:EMBL;Acc:AED95423.1]"
"AT5G47470","Nodulin MtN21 /EamA-like transporter family protein [Source:EMBL;Acc:AED95523.1]"
"AT5G48140","putative polygalacturonase / pectinase [Source:EMBL;Acc:AED95623.1]"
"AT5G47820","kinesin family member 4/7/21/27 [Source:EMBL;Acc:AED95576.1]"
"AT5G47620","RNA recognition motif-containing protein [Source:EMBL;Acc:AED95540.1]"
"AT5G47000","peroxidase 65 [Source:EMBL;Acc:AED95456.1]"
"AT5G48220","indole-3-glycerol phosphate synthase [Source:EMBL;Acc:AED95636.1]"
"AT5G47440","uncharacterized protein [Source:EMBL;Acc:AED95513.1]"
"AT1G31070","N-acetylglucosamine-1-phosphate uridylyltransferase 1 [Source:EMBL;Acc:AEE31310.1]"
"AT5G47690","sister chromatid cohesion protein PDS5 [Source:EMBL;Acc:AED95551.1]"
"AT5G46710","PLATZ transcription factor family protein [Source:EMBL;Acc:AED95416.1]"
"AT5G47250","putative disease resistance protein [Source:EMBL;Acc:AED95491.1]"
"AT1G28550","RAB GTPase-like protein A1I [Source:EMBL;Acc:AEE30991.1]"
"AT5G48120","armadillo/beta-catenin-like repeats-containing protein [Source:EMBL;Acc:AED95621.1]"
"AT5G46590","NAC domain containing protein 96 [Source:EMBL;Acc:AED95401.1]"
"AT5G47010","Regulator of nonsense transcripts 1-like protein [Source:EMBL;Acc:AED95457.1]"
"AT5G52070","Agenet domain-containing protein [Source:EMBL;Acc:AED96168.1]"
"AT5G50550","transducin/WD40 domain-containing protein [Source:EMBL;Acc:AED95957.1]"
"AT5G49830","exocyst complex component 84B [Source:EMBL;Acc:AED95861.1]"
"AT5G50710","uncharacterized protein [Source:EMBL;Acc:AED95982.1]"
"AT5G52580","RabGAP/TBC domain-containing protein [Source:EMBL;Acc:AED96237.1]"
"AT5G50130","Rossmann-fold NAD(P)-binding domain-containing protein [Source:EMBL;Acc:AED95900.1]"
"AT5G49840","ATP-dependent Clp protease [Source:EMBL;Acc:AED95863.1]"
"AT5G49980","transport inhibitor response 1-like protein [Source:EMBL;Acc:AED95880.1]"
"AT5G51200","uncharacterized protein [Source:EMBL;Acc:AED96052.1]"
"AT5G50830","uncharacterized protein [Source:EMBL;Acc:AED95997.1]"
"AT5G51030","Rossmann-fold NAD(P)-binding domain-containing protein [Source:EMBL;Acc:AED96023.1]"
"AT5G50565","uncharacterized protein [Source:EMBL;Acc:AED95960.1]"
"AT5G50170","C2 and GRAM domain-containing protein [Source:EMBL;Acc:AED95906.1]"
"AT5G50970","transducin/WD40 domain-containing protein [Source:EMBL;Acc:AED96018.1]"
"AT5G55930","oligopeptide transporter 1 [Source:EMBL;Acc:AED96700.1]"
"AT5G55200","co-chaperone GrpE family protein [Source:EMBL;Acc:AED96599.1]"
"AT5G55660","DEK domain-containing chromatin associated protein [Source:EMBL;Acc:AED96664.1]"
"AT5G56350","pyruvate kinase [Source:EMBL;Acc:AED96752.1]"
"AT5G55790","uncharacterized protein [Source:EMBL;Acc:AED96680.1]"
"AT5G54590","protein kinase family protein [Source:EMBL;Acc:AED96514.1]"
"AT5G54190","protochlorophyllide reductase A [Source:EMBL;Acc:AED96465.1]"
"AT5G55580","Mitochondrial transcription termination factor family protein [Source:EMBL;Acc:AED96652.1]"
"AT5G56140","RNA-binding KH domain-containing protein [Source:EMBL;Acc:AED96725.1]"
"AT5G53620","uncharacterized protein [Source:EMBL;Acc:AED96388.1]"
"AT5G56900","zinc finger CCCH domain-containing protein 64 [Source:EMBL;Acc:AED96820.1]"
"AT5G55720","pectate lyase [Source:EMBL;Acc:AED96672.1]"
"AT5G55980","serine-rich protein-like protein [Source:EMBL;Acc:AED96706.1]"
"AT5G55600","agenet domain-containing protein / bromo-adjacent homology (BAH) domain-containing protein [Source:EMBL;Acc:AED96656.1]"
"AT5G56380","FBD-associated F-box protein [Source:EMBL;Acc:AED96758.1]"
"AT5G55640","uncharacterized protein [Source:EMBL;Acc:AED96662.1]"
"AT5G57250","pentatricopeptide repeat-containing protein [Source:EMBL;Acc:AED96871.1]"
"AT5G58170","protein SEUSS-like 5 [Source:EMBL;Acc:AED97007.1]"
"AT1G28610","GDSL esterase/lipase [Source:EMBL;Acc:AEE31001.1]"
"AT5G57690","diacylglycerol kinase 4 [Source:EMBL;Acc:AED96936.1]"
"AT5G58820","Subtilisin-like serine endopeptidase family protein [Source:EMBL;Acc:AED97107.1]"
"AT5G59490","haloacid dehalogenase-like hydrolase domain-containing protein [Source:EMBL;Acc:AED97197.1]"
"AT5G60990","DEAD-box ATP-dependent RNA helicase 10 [Source:EMBL;Acc:AED97408.1]"
"AT5G58210","hydroxyproline-rich glycoprotein-like protein [Source:EMBL;Acc:AED97017.1]"
"AT5G58550","protein ETO1-like 2 [Source:EMBL;Acc:AED97068.1]"
"AT1G31335","uncharacterized protein [Source:EMBL;Acc:AEE31343.1]"
"AT5G60010","putative respiratory burst oxidase-H [Source:EMBL;Acc:AED97266.1]"
"AT5G60410","E3 SUMO-protein ligase SIZ1 [Source:EMBL;Acc:AED97326.1]"
"AT5G59410","Rab5-interacting family protein [Source:EMBL;Acc:AED97182.1]"
"AT5G58050","protein SEUSS-like 4 [Source:EMBL;Acc:AED96991.1]"
"AT5G60980","nuclear transport factor 2 and RNA recognition motif domain-containing protein [Source:EMBL;Acc:AED97406.1]"
"AT1G31580","protein ECS1 [Source:EMBL;Acc:AEE31373.1]"
"AT5G64070","phosphatidylinositol 4-kinase beta 1 [Source:EMBL;Acc:AED97836.1]"
"AT5G61910","DCD (Development and Cell Death) domain-containing protein [Source:EMBL;Acc:AED97531.1]"
"AT5G64780","uncharacterized protein [Source:EMBL;Acc:AED97950.1]"
"AT5G64270","putative splicing factor [Source:EMBL;Acc:AED97864.1]"
"AT1G31810","formin-like protein 14 [Source:EMBL;Acc:AEE31395.1]"
"AT5G63420","RNA-metabolising metallo-beta-lactamase family protein [Source:EMBL;Acc:AED97746.1]"
"AT1G28375","uncharacterized protein [Source:EMBL;Acc:AEE30964.1]"
"AT5G62280","uncharacterized protein [Source:EMBL;Acc:AED97590.1]"
"AT5G64790","O-Glycosyl hydrolases family 17 protein [Source:EMBL;Acc:AED97951.1]"
"AT5G61460","protein MIM [Source:EMBL;Acc:AED97471.1]"
"AT5G62000","auxin response factor 2 [Source:EMBL;Acc:AED97550.1]"
"AT1G29940","nuclear RNA polymerase A2 [Source:EMBL;Acc:AEE31152.1]"
"AT5G62750","uncharacterized protein [Source:EMBL;Acc:AED97650.1]"
"AT5G62400","uncharacterized protein [Source:EMBL;Acc:AED97604.1]"
"AT5G61710","uncharacterized protein [Source:EMBL;Acc:AED97508.1]"
"AT5G64420","DNA polymerase phi subunit [Source:EMBL;Acc:AED97891.1]"
"AT5G64050","glutamyl-tRNA synthetase [Source:EMBL;Acc:AED97834.1]"
"AT5G65460","kinesin like protein for actin based chloroplast movement 2 [Source:EMBL;Acc:AED98059.1]"
"AT5G66060","iron ion binding / oxidoreductase/ oxidoreductase protein [Source:EMBL;Acc:AED98154.1]"
"AT1G29900","carbamoyl phosphate synthetase B [Source:EMBL;Acc:AEE31148.1]"
"AT5G66160","receptor homology-transmembrane-ring H2 domain protein 1 [Source:EMBL;Acc:AED98166.1]"
"AT5G67630","RuvB-like protein 2 [Source:EMBL;Acc:AED98369.1]"
"AT5G66300","NAC domain containing protein 105 [Source:EMBL;Acc:AED98196.1]"
"AT5G65350","histone H3 [Source:EMBL;Acc:AED98042.1]"
"AT5G66770","scarecrow-like protein 4 [Source:EMBL;Acc:AED98261.1]"
"AT5G66740","uncharacterized protein [Source:EMBL;Acc:AED98258.1]"
"AT5G65850","F-box protein [Source:EMBL;Acc:AED98114.1]"
"AT5G66090","uncharacterized protein [Source:EMBL;Acc:AED98158.1]"
"AT1G03860","prohibitin 2 [Source:EMBL;Acc:AEE27624.1]"
"AT1G31730","AP-4 complex subunit epsilon [Source:EMBL;Acc:AEE31386.1]"
"AT1G30240","uncharacterized protein [Source:EMBL;Acc:AEE31198.1]"
"AT1G01320","tetratricopeptide repeat-containing protein [Source:EMBL;Acc:AEE27271.1]"
"AT1G33680","far upstream element-binding protein [Source:EMBL;Acc:AEE31613.1]"
"AT1G33410","suppressor of auxin resistance1 protein [Source:EMBL;Acc:AEE31591.1]"
"AT1G02390","glycerol-3-phosphate acyltransferase [Source:EMBL;Acc:AEE27423.1]"
"AT1G02830","large subunit ribosomal protein L22e [Source:EMBL;Acc:AEE27476.1]"
"AT1G32830","transposable element gene.[Source:TAIR;Acc:AT1G32830]"
"AT1G32580","putative plastid developmental protein DAG [Source:EMBL;Acc:AEE31506.1]"
"AT1G01960","SEC7-like guanine nucleotide exchange protein [Source:EMBL;Acc:AEE27360.1]"
"AT1G33470","RNA recognition motif-containing protein [Source:EMBL;Acc:AEE31597.1]"
"AT1G03060","putative transport protein [Source:EMBL;Acc:AEE27523.1]"
"AT1G35660","uncharacterized protein [Source:EMBL;Acc:AEE31821.1]"
"AT1G01460","phosphatidylinositol-4-phosphate 5-kinase 10 [Source:EMBL;Acc:AEE27290.1]"
"AT1G34320","uncharacterized protein [Source:EMBL;Acc:AEE31697.1]"
"AT1G35612","transposable element gene.[Source:TAIR;Acc:AT1G35612]"
"AT1G33360","ATP-dependent Clp protease [Source:EMBL;Acc:AEE31587.1]"
"AT1G34180","NAC domain containing protein 16 [Source:EMBL;Acc:AEE31682.1]"
"AT1G01160","GRF1-interacting factor 2 [Source:EMBL;Acc:AEE27247.1]"
"AT1G36180","acetyl-CoA carboxylase 2 [Source:EMBL;Acc:AEE31852.1]"
"AT1G48120","serine/threonine-protein phosphatase 7-like protein [Source:EMBL;Acc:AEE32251.1]"
"AT1G48650","DEA(D/H)-box RNA helicase family protein [Source:EMBL;Acc:AEE32333.1]"
"AT1G45190","protein downregulated in DIF1 18 [Source:EMBL;Acc:AEE32092.1]"
"AT1G48330","uncharacterized protein [Source:EMBL;Acc:AEE32276.1]"
"AT1G47280","uncharacterized protein [Source:EMBL;Acc:AEE32151.1]"
"AT1G48010","plant invertase/pectin methylesterase inhibitor domain-containing protein [Source:EMBL;Acc:AEE32237.1]"
"AT1G48310","chromatin remodeling factor18 [Source:EMBL;Acc:AEE32273.1]"
"AT1G47250","proteasome subunit alpha type-1-B [Source:EMBL;Acc:AEE32143.1]"
"AT1G47270","Tubby-like F-box protein 6 [Source:EMBL;Acc:AEE32147.1]"
"AT1G48570","zinc finger (Ran-binding) domain-containing protein [Source:EMBL;Acc:AEE32317.1]"
"AT1G43590","transposable element gene.[Source:TAIR;Acc:AT1G43590]"
"AT1G50080","uncharacterized protein [Source:EMBL;Acc:AEE32514.1]"
"AT1G49290","uncharacterized protein [Source:EMBL;Acc:AEE32413.1]"
"AT1G52720","uncharacterized protein [Source:EMBL;Acc:AEE32844.1]"
"AT1G51430","uncharacterized protein [Source:EMBL;Acc:AEE32667.1]"
"AT1G50610","probably inactive leucine-rich repeat receptor-like protein kinase [Source:EMBL;Acc:AEE32570.1]"
"AT1G49490","Pollen-specific leucine-rich repeat extensin-like protein 2 [Source:EMBL;Acc:AEE32435.1]"
"AT1G50200","Alanyl-tRNA synthetase [Source:EMBL;Acc:AEE32525.1]"
"AT1G51380","DEAD-box ATP-dependent RNA helicase 34 [Source:EMBL;Acc:AEE32660.1]"
"AT1G50290","uncharacterized protein [Source:EMBL;Acc:AEE32533.1]"
"AT1G52680","late embryogenesis abundant protein-like protein [Source:EMBL;Acc:AEE32837.1]"
"AT1G50970","membrane trafficking VPS53-like protein [Source:EMBL;Acc:AEE32607.1]"
"AT1G50310","sugar transporter 9 [Source:EMBL;Acc:AEE32535.1]"
"AT1G51250","Plant self-incompatibility protein S1 family [Source:EMBL;Acc:AEE32641.1]"
"AT1G52580","RHOMBOID-like protein 5 [Source:EMBL;Acc:AEE32826.1]"
"AT1G52240","RHO guanyl-nucleotide exchange factor 11 [Source:EMBL;Acc:AEE32774.1]"
"AT1G49270","protein kinase-like protein [Source:EMBL;Acc:AEE32412.1]"
"AT1G53800","uncharacterized protein [Source:EMBL;Acc:AEE33003.1]"
"AT1G55570","protein SKU5 similar 12 [Source:EMBL;Acc:AEE33267.1]"
"AT1G56110","homolog of nucleolar protein NOP56 [Source:EMBL;Acc:AEE33345.1]"
"AT1G53880","eukaryotic translation initiation factor 2B-like protein [Source:EMBL;Acc:AEE33014.1]"
"AT1G54020","GDSL esterase/lipase [Source:EMBL;Acc:AEE33037.1]"
"AT1G55320","acyl-activating enzyme 18 [Source:EMBL;Acc:AEE33226.1]"
"AT1G54070","Dormancy/auxin associated family protein [Source:EMBL;Acc:AEE33043.1]"
"AT1G55250","E3 ubiquitin-protein ligase BRE1-like 2 [Source:EMBL;Acc:AEE33211.1]"
"AT1G53165","map 4 kinase alpha1 [Source:EMBL;Acc:AEE32900.1]"
"AT1G53380","uncharacterized protein [Source:EMBL;Acc:AEE32935.1]"
"AT1G55620","chloride channel protein CLC-f [Source:EMBL;Acc:AEE33274.1]"
"AT1G52970","protein downregulated in DIF1 11 [Source:EMBL;Acc:AEE32872.1]"
"AT1G53300","TPR repeat-containing thioredoxin TTL1 [Source:EMBL;Acc:AEE32920.1]"
"AT1G54920","uncharacterized protein [Source:EMBL;Acc:AEE33162.1]"
"AT1G56660","uncharacterized protein [Source:EMBL;Acc:AEE33420.1]"
"AT1G58120","uncharacterized protein [Source:EMBL;Acc:AEE33501.1]"
"AT1G56670","GDSL esterase/lipase LIP-4 [Source:EMBL;Acc:AEE33421.1]"
"AT1G59640","transcription factor BPE [Source:EMBL;Acc:AEE33598.1]"
"AT1G59990","DEAD-box ATP-dependent RNA helicase 22 [Source:EMBL;Acc:AEE33647.1]"
"AT1G58150","uncharacterized protein [Source:EMBL;Acc:AEE33503.1]"
"AT1G57830","Toll-Interleukin-Resistance domain-containing protein [Source:EMBL;Acc:AEE33471.1]"
"AT1G59900","pyruvate dehydrogenase complex E1 alpha subunit [Source:EMBL;Acc:AEE33638.1]"
"AT1G61065","uncharacterized protein [Source:EMBL;Acc:AEE33773.1]"
"AT1G06540","uncharacterized protein [Source:EMBL;Acc:AEE28003.1]"
"AT1G60710","NAD(P)-linked oxidoreductase-like protein [Source:EMBL;Acc:AEE33722.1]"
"AT1G60220","ubiquitin-like-specific protease 1D [Source:EMBL;Acc:AEE33667.1]"
"AT1G64790","protein ILITYHIA [Source:EMBL;Acc:AEE34289.1]"
"AT1G63500","Protein kinase protein with tetratricopeptide repeat domain [Source:EMBL;Acc:AEE34106.1]"
"AT1G62830","Lysine-specific histone demethylase 1-1 [Source:EMBL;Acc:AEE34010.1]"
"AT1G63540","hydroxyproline-rich glycoprotein-like protein [Source:EMBL;Acc:AEE34111.1]"
"AT1G64570","DUO pollen 3 protein [Source:EMBL;Acc:AEE34254.1]"
"AT1G64270","transposable element gene.[Source:TAIR;Acc:AT1G64270]"
"AT1G61860","protein kinase domain-containing protein [Source:EMBL;Acc:AEE33897.1]"
"AT1G62670","RNA processing factor 2 [Source:EMBL;Acc:AEE33992.1]"
"AT1G63320","pentatricopeptide repeat-containing protein [Source:EMBL;Acc:AEE34086.1]"
"AT1G64130","Polyketide cyclase/dehydrase and lipid transport superfamily protein [Source:EMBL;Acc:AEE34199.1]"
"AT1G63700","YODA MAPKK kinase [Source:EMBL;Acc:AEE34135.1]"
"AT1G63810","uncharacterized protein [Source:EMBL;Acc:AEE34150.1]"
"AT1G61667","uncharacterized protein [Source:EMBL;Acc:AEE33871.1]"
"AT1G65760","uncharacterized protein [Source:EMBL;Acc:AEE34420.1]"
"AT1G65470","chromatin assembly factor-1 (FASCIATA1) [Source:EMBL;Acc:AEE34379.1]"
"AT1G66540","putative cytochrome P450 [Source:EMBL;Acc:AEE34523.1]"
"AT1G68370","chaperone protein dnaJ 15 [Source:EMBL;Acc:AEE34786.1]"
"AT1G68610","cadmium resistance 11 protein [Source:EMBL;Acc:AEE34819.1]"
"AT1G68790","little nuclei3 protein [Source:EMBL;Acc:AEE34839.1]"
"AT1G67290","glyoxal oxidase-related protein [Source:EMBL;Acc:AEE34623.1]"
"AT1G65280","DNAJ heat shock N-terminal domain-containing protein [Source:EMBL;Acc:AEE34353.1]"
"AT1G65290","NADH dehydrogenase (ubiquinone) 1 alpha/beta subcomplex 1 [Source:EMBL;Acc:AEE34354.1]"
"AT1G66280","beta-glucosidase 22 [Source:EMBL;Acc:AEE34490.1]"
"AT1G67120","AAA ATPase containing von Willebrand factor type A domain-containing protein [Source:EMBL;Acc:AEE34598.1]"
"AT1G66500","Pre-mRNA cleavage complex II [Source:EMBL;Acc:AEE34516.1]"
"AT1G68540","putative cinnamoyl-CoA reductase [Source:EMBL;Acc:AEE34807.1]"
"AT1G67930","Golgi transport complex-related protein [Source:EMBL;Acc:AEE34723.1]"
"AT1G66550","putative WRKY transcription factor 67 [Source:EMBL;Acc:AEE34525.1]"
"AT1G69360","uncharacterized protein [Source:EMBL;Acc:AEE34915.1]"
"AT1G69250","nuclear transport factor 2 and RNA recognition motif-containing protein [Source:EMBL;Acc:AEE34901.1]"
"AT1G69050","uncharacterized protein [Source:EMBL;Acc:AEE34880.1]"
"AT1G72290","trypsin inhibitor (Kunitz) domain-containing protein [Source:EMBL;Acc:AEE35299.1]"
"AT1G69720","heme oxygenase 3 [Source:EMBL;Acc:AEE34967.1]"
"AT1G70540","plant invertase/pectin methylesterase inhibitor domain-containing protein [Source:EMBL;Acc:AEE35076.1]"
"AT1G71850","ubiquitin carboxyl-terminal hydrolase-like protein [Source:EMBL;Acc:AEE35240.1]"
"AT1G72560","protein PAUSED [Source:EMBL;Acc:AEE35342.1]"
"AT1G71410","armadillo/beta-catenin-like repeats-containing protein [Source:EMBL;Acc:AEE35198.1]"
"AT1G71330","putative non-intrinsic ABC protein 5 [Source:EMBL;Acc:AEE35190.1]"
"AT1G71210","pentatricopeptide repeat-containing protein [Source:EMBL;Acc:AEE35173.1]"
"AT1G70230","trichome birefringence-like 27 protein [Source:EMBL;Acc:AEE35036.1]"
"AT1G68990","DNA-directed RNA polymerase 1 [Source:EMBL;Acc:AEE34874.1]"
"AT1G76650","calcium-binding protein CML38 [Source:EMBL;Acc:AEE35871.1]"
"AT1G75870","uncharacterized protein [Source:EMBL;Acc:AEE35767.1]"
"AT1G75030","thaumatin-like protein 3 [Source:EMBL;Acc:AEE35664.1]"
"AT1G76810","translation initiation factor eIF-5B [Source:EMBL;Acc:AEE35891.1]"
"AT1G04540","calcium-dependent lipid-binding domain-containing protein [Source:EMBL;Acc:AEE27711.1]"
"AT1G76630","superkiller protein 3-like protein [Source:EMBL;Acc:AEE35866.1]"
"AT1G76580","squamosa promoter-binding-like protein 16 [Source:EMBL;Acc:AEE35861.1]"
"AT1G74580","pentatricopeptide repeat-containing protein [Source:EMBL;Acc:AEE35612.1]"
"AT1G75960","AMP-dependent synthetase and ligase family protein [Source:EMBL;Acc:AEE35781.1]"
"AT1G07210","Ribosomal protein S18 [Source:EMBL;Acc:AEE28093.1]"
"AT1G75730","uncharacterized protein [Source:EMBL;Acc:AEE35753.1]"
"AT1G76850","exocyst complex component 2 [Source:EMBL;Acc:AEE35895.1]"
"AT1G76370","putative protein kinase [Source:EMBL;Acc:AEE35829.1]"
"AT1G76820","translation initiation factor eIF-5B [Source:EMBL;Acc:AEE35892.1]"
"AT1G77680","Ribonuclease II/R-like protein [Source:EMBL;Acc:AEE36008.1]"
"AT1G80410","tetratricopeptide repeat-containing protein [Source:EMBL;Acc:AEE36399.1]"
"AT1G77230","tetratricopeptide repeat-containing protein [Source:EMBL;Acc:AEE35952.1]"
"AT1G78780","pathogenesis-related protein [Source:EMBL;Acc:AEE36151.1]"
"AT1G77270","uncharacterized protein [Source:EMBL;Acc:AEE35956.1]"
"AT1G79970","uncharacterized protein [Source:EMBL;Acc:AEE36335.1]"
"AT1G79910","Regulator of Vps4 activity in the MVB pathway protein [Source:EMBL;Acc:AEE36323.1]"
"AT1G80660","H(+)-ATPase 9 [Source:EMBL;Acc:AEE36433.1]"
"AT1G78600","light-regulated zinc finger protein 1 [Source:EMBL;Acc:AEE36125.1]"
"AT1G79860","RHO guanyl-nucleotide exchange factor 12 [Source:EMBL;Acc:AEE36314.1]"
"AT1G76950","regulator of chromosome condensation and FYVE zinc finger domain-containing protein [Source:EMBL;Acc:AEE35908.1]"
"AT1G79250","AGC kinase 1.7 [Source:EMBL;Acc:AEE36223.1]"
"AT1G79090","DNA topoisomerase 2-associated protein PAT1 [Source:EMBL;Acc:AEE36203.1]"
"AT1G80020","transposable element gene.[Source:TAIR;Acc:AT1G80020]"
"AT1G78240","putative pectin methyltransferase QUA2 [Source:EMBL;Acc:AEE36086.1]"
"AT1G80720","Mitochondrial glycoprotein family protein [Source:EMBL;Acc:AEE36440.1]"
"AT2G01090","ubiquinol-cytochrome c reductase subunit 6 [Source:EMBL;Acc:AEC05398.1]"
"AT2G04240","RING/U-box domain-containing protein [Source:EMBL;Acc:AEC05812.1]"
"AT2G03080","transposable element gene.[Source:TAIR;Acc:AT2G03080]"
"AT2G02140","defensin-like protein 10 [Source:EMBL;Acc:AEC05550.1]"
"AT2G01130","DEA(D/H)-box RNA helicase family protein [Source:EMBL;Acc:AEC05405.1]"
"AT2G01530","MLP-like protein 329 [Source:EMBL;Acc:AEC05465.1]"
"AT2G03670","cell division control protein 48-B [Source:EMBL;Acc:AEC05734.1]"
"AT1G04140","transducin/WD-40 repeat-containing protein [Source:EMBL;Acc:AEE27662.1]"
"AT2G01320","ABC transporter G family member 7 [Source:EMBL;Acc:AEC05435.1]"
"AT2G01480","O-fucosyltransferase family protein [Source:EMBL;Acc:AEC05459.1]"
"AT2G04030","Chaperone protein htpG family protein [Source:EMBL;Acc:AEC05779.1]"
"AT2G02210","transposable element gene.[Source:TAIR;Acc:AT2G02210]"
"AT2G03820","nonsense-mediated mRNA decay protein 3 [Source:EMBL;Acc:AEC05754.1]"
"AT2G03140","alpha/beta-hydrolases-like protein [Source:EMBL;Acc:AEC05667.1]"
"AT2G02200","transposable element gene.[Source:TAIR;Acc:AT2G02200]"
"AT2G05170","vacuolar protein sorting 11 protein [Source:EMBL;Acc:AEC05900.1]"
"AT2G07560","H(+)-ATPase 6 [Source:EMBL;Acc:AEC06056.1]"
"AT2G07698","F-type H+-transporting ATPase subunit alpha [Source:EMBL;Acc:AEC06088.1]"
"AT2G07040","leucine-rich repeat protein kinase-like protein [Source:EMBL;Acc:AEC06031.1]"
"AT2G06040","uncharacterized protein [Source:EMBL;Acc:AEC05997.1]"
"AT2G04970","transposable element gene.[Source:TAIR;Acc:AT2G04970]"
"AT2G04600","transposable element gene.[Source:TAIR;Acc:AT2G04600]"
"AT2G07360","SH3 domain-containing protein [Source:EMBL;Acc:AEC06050.1]"
"AT1G10250","uncharacterized protein [Source:EMBL;Acc:AEE28559.1]"
"AT1G08620","transcription factor jumonji and C5HC2 type zinc finger domain-containing protein [Source:EMBL;Acc:AEE28319.1]"
"AT2G07673","uncharacterized protein [Source:EMBL;Acc:AEC06067.1]"
"AT1G10110","F-box family protein [Source:EMBL;Acc:AEE28543.1]"
"AT2G04980","transposable element gene.[Source:TAIR;Acc:AT2G04980]"
"AT2G07696","ribosomal protein S7 [Source:EMBL;Acc:AEC06086.1]"
"AT2G07300","transposable element gene.[Source:TAIR;Acc:AT2G07300]"
"AT2G06480","transposable element gene.[Source:TAIR;Acc:AT2G06480]"
"AT2G07734","ribosomal protein S4 [Source:EMBL;Acc:AEC06112.1]"
"AT2G07727","cytochrome b [Source:EMBL;Acc:AEC06108.1]"
"AT2G07739","Ycf1 protein [Source:EMBL;Acc:AEC06124.1]"
"AT2G07728","uncharacterized protein [Source:EMBL;Acc:AEC06109.1]"
"AT1G11770","FAD-binding and BBE domain-containing protein [Source:EMBL;Acc:AEE28783.1]"
"AT2G07721","uncharacterized protein [Source:EMBL;Acc:AEC06103.1]"
"AT1G08780","ABI3-interacting protein 3 [Source:EMBL;Acc:AEE28346.1]"
"AT2G07722","uncharacterized protein [Source:EMBL;Acc:AEC06104.1]"
"AT2G11490","transposable element gene.[Source:TAIR;Acc:AT2G11490]"
"AT2G07725","60S ribosomal protein L5 [Source:EMBL;Acc:AEC06107.1]"
"AT2G10970","plant invertase/pectin methylesterase inhibitor domain-containing protein [Source:EMBL;Acc:AEC06161.1]"
"AT2G14650","transposable element gene.[Source:TAIR;Acc:AT2G14650]"
"AT2G14770","transposable element gene.[Source:TAIR;Acc:AT2G14770]"
"AT1G10560","U-box domain-containing protein 18 [Source:EMBL;Acc:AEE28594.1]"
"AT2G13750","transposable element gene.[Source:TAIR;Acc:AT2G13750]"
"AT2G15900","phox domain-containing protein [Source:EMBL;Acc:AEC06446.1]"
"AT1G10350","putative DNAJ heat-shock protein [Source:EMBL;Acc:AEE28569.1]"
